<?xml version="1.0"?>
<!DOCTYPE TEI PUBLIC "-//tekstaro.com//DTD Tekstaro de Esperanto//EN" "http://tekstaro.com/xml/dtd/tei-tekstaro.dtd">
<TEI xml:id="el-la-mondo-homarana" xml:lang="eo" xmlns="http://www.tei-c.org/ns/1.0">

<teiHeader>

<fileDesc>

<titleStmt>

<title>El la mondo homarana: elektronika versio</title>

<respStmt>

<resp>La bazan tekston origine enkomputiligis</resp>

<name xml:lang="ja">Hirotaka Masaaki</name>

</respStmt>

</titleStmt>

<extent>529 vortoj</extent>

<publicationStmt>

<publisher xml:lang="en">Esperantic Studies Foundation</publisher>

</publicationStmt>

<sourceDesc>

<biblStruct>

<analytic>

<author>L. L. Zamenhof</author>

<title>El la mondo homarana (hilelista)</title>

</analytic>

<monogr>

<title>Plena Verkaro de Zamenhof</title>

<imprint>

<publisher>Eldonejo Ludovikito</publisher>

<pubPlace>Kioto</pubPlace>

</imprint>

</monogr>

<note>Aperis unue en “Ruslanda Esperantisto” <num type="ordinal" value="2">II</num>. 1906, n-ro 4 (Aprilo).</note>

<note>Proksimuma verkojaro/tradukojaro: 1906</note>

<note>Kreis la Esperantan tekston: Zamenhof</note>

</biblStruct>

</sourceDesc>

</fileDesc>

</teiHeader>

<text>

<body>

<div type="artikolo">

<head xml:id="e55">El la mondo homarana (hilelista).</head>

<p xml:id="e56">En la komenco de Aprilo la Unua grupo Homarana dissendis al ĉiuj homaranoj la sekvantan cirkuleran leteron:</p>

<p xml:id="e57">Ni ricevis Vian aprobon de la ideo homarana (hilelista) kaj Vian deziron aliĝi al ni. Sendante al Vi fratan kaj samideanan saluton, ni esprimas la esperon, ke vi fervore laboros por nia ideo kaj altirados al ĝi konstante ĉiam pli kaj pli da amikoj kaj ke vi baldaŭ sciigos nin pri la fondo de Grupo Homarana en Via urbo. “Grupo” da homaranoj ni nomas rondeton, konsistantan el ne malpli ol 10 personoj.</p>

<p xml:id="e58">Por la altirado de novaj samideanoj Vi povas ricevi de ni la broŝuron pri homaranismo (en lingvo rusa aŭ esperanto, poste ankaŭ en aliaj lingvoj) por la prezo de unu rublo (fr. 2,50) por 20 ekzempleroj.</p>

<p xml:id="e59">Por disvolvadi la ideon de homaranismo kaj ligi inter si la homaranojn, la Unua Grupo Homarana baldaŭ komencos la dissendadon de “Rondirantoj Homaranaj”, kiuj enhavos diversajn sciigojn pri la progresado de la afero homarana kaj diversajn opiniojn kaj proponojn de fratoj-homaranoj. Tiuj ĉi Rondirantoj povos esti legataj en la homaranaj kunvenoj kaj servi kiel reciproka konsiliĝado kaj helpado inter ĉiuj homaranoj.</p>

<p xml:id="e60">La Rondirantoj estos sendataj nur al la “Grupoj” homaranaj. Ili estos pretigataj kaj dissendataj en la sekvanta maniero: ĉiu homarano, kiu deziras transigi al la aliaj homaranoj ian raporton, opinion, aŭ eĉ simple ian artikolon, rakonton, demandon k.t.p., kiu povas havi intereson por la homaranoj, estas petata skribi ĝin en la lingvo Esperanto, per klara kaj bone legebla skribo, sur paperaj folioj, havanta la formaton de ordinara letera papero (proksimume ctm. 20 × 13) kaj sendi ĝin al la sekretario de la Unua Grupo Homarana. La Unua Grupo legos la ricevitan materialon en siaj kunvenoj kaj en la fino de ĉiu monato (poste, ĉe pli granda kvanto da materialo, en la fino de ĉiu semajno) ĝi kunekudros la tutan materialon kaj sendos ĝin en formo de Rondiranto al la grupo homarana, portanta la numeron 2. Tiu ĉi lasta, traleginte la materialon en sia kunveno, forsendos la Rondiranton (per rekomendita banderolo) al la grupo No 3, tiu ĉi lasta al No 4, k.t.p. — kaj la lasta el la grupoj resendos ĝin, por konservi en la arĥivo, al la Unua Grupo. Al ĉiu Rondiranto estos aldonita la adresaro de ĉiuj grupoj homaranaj kun la orda numero de ĉiu el ili. Al ĉiu Rondiranto estos aldonitaj ankaŭ la nomoj kaj adresoj de ĉiuj apartaj homaranoj, kiuj aliĝis de la tempo de elsendo de la lasta Rondiranto.</p>

<p xml:id="e61">En la Rondiranto No 1 estos publikigitaj informoj pri ĉiuj homaranoj, kiuj aliĝis al nia afero de la komenco ĝis la 15 Majo 1906. Tial ni petas, ke ĉiu persono, kiu deziras alkalkuli sin al la anaro homarana, volu sendi al ni kiel eble plej baldaŭ respondojn je la sekvantaj demandoj:</p>

<p xml:id="e62">Kia estas via nomo persona? ... Nomo familia? ... Detala adreso? ... Nacio (en senco homarana)? ... Gento? ... Lingvo persona? ... Lingvo familia? ... Lingvo genta? ... Religio (en senco homarana)? ... Aĝo? ... Profesio? ... Al kiu grupo homarana Vi estas enskribita?...</p>

<p xml:id="e63">Ĉiuj sciigoj devas esti sendataj al la sekretario de la Unua Grupo Homarana, sub la sekvanta adreso: D-ro <name rend="PROVIZORA" xml:lang="">A. Waldenberg</name>, str. <name rend="PROVIZORA" xml:lang="">Grzybowska</name> No 15, Varsovio.</p>

</div>

</body>

</text>

</TEI>
