<?xml version="1.0"?>
<!DOCTYPE TEI PUBLIC "-//tekstaro.com//DTD Tekstaro de Esperanto//EN" "http://tekstaro.com/xml/dtd/tei-tekstaro.dtd">
<TEI xml:id="gerda-malaperis" xml:lang="eo" xmlns="http://www.tei-c.org/ns/1.0">

<teiHeader>

<fileDesc>

<titleStmt>

<title>Gerda Malaperis!: elektronika versio</title>

</titleStmt>

<extent>10.656 vortoj</extent>

<publicationStmt>

<publisher xml:lang="en">Esperantic Studies Foundation</publisher>

</publicationStmt>

<sourceDesc>

<biblStruct>

<monogr>

<author xml:lang="fr">Claude Piron</author>

<title>Gerda malaperis!</title>

<imprint>

<pubPlace xml:lang="pt">Chapecó</pubPlace>

<publisher>Fonto</publisher>

<date>1983</date>

</imprint>

<extent>48 p.</extent>

</monogr>

<note>Proksimuma verkojaro/tradukojaro: 1983</note>

<note>Kreis la Esperantan tekston: Piron</note>

</biblStruct>

</sourceDesc>

</fileDesc>

</teiHeader>

<text>

<body>

<div>

<head xml:id="e5291">Gerda malaperis</head>

<p xml:id="e5292">Rakonto de Claude Piron.</p>

<div type="chapitro">

<head xml:id="e5293">ĈAPITRO 1 (UNU)</head>

<stage xml:id="e5294" type="setting">(En universitata restoracio)</stage>

<sp>

<speaker xml:id="e5295">Tom:</speaker>

<p xml:id="e5296">Saluton, Linda.</p>

</sp>

<sp>

<speaker xml:id="e5297">Linda:</speaker>

<p xml:id="e5298">Saluton, Tom.</p>

</sp>

<sp>

<speaker xml:id="e5299">Tom:</speaker>

<p xml:id="e5300">Diru al mi: kiu estas tiu?</p>

</sp>

<sp>

<speaker xml:id="e5301">Linda:</speaker>

<p xml:id="e5302">Kiu?</p>

</sp>

<sp>

<speaker xml:id="e5303">Tom:</speaker>

<p xml:id="e5304">Tiu alta, blonda, juna viro...</p>

</sp>

<sp>

<speaker xml:id="e5305">Linda:</speaker>

<p xml:id="e5306">Kiu?</p>

</sp>

<sp>

<speaker xml:id="e5307">Tom:</speaker>

<p xml:id="e5308">Tiu, kiu sidas en la angulo.</p>

</sp>

<sp>

<speaker xml:id="e5309">Linda:</speaker>

<p xml:id="e5310">Ho, tiu!</p>

</sp>

<sp>

<speaker xml:id="e5311">Tom:</speaker>

<p xml:id="e5312">Jes, tiu.</p>

</sp>

<sp>

<speaker xml:id="e5313">Linda:</speaker>

<p xml:id="e5314">Mi ne scias. Mi ne scias, kiu li estas. Nova studento, verŝajne.</p>

</sp>

<sp>

<speaker xml:id="e5315">Tom:</speaker>

<p xml:id="e5316">Li estas tute sola.</p>

</sp>

<sp>

<speaker xml:id="e5317">Linda:</speaker>

<p xml:id="e5318">Ne. Rigardu. Bela knabino iras al li.</p>

</sp>

<sp>

<speaker xml:id="e5319">Tom:</speaker>

<p xml:id="e5320">Ne bela. Juna, eble, sed ne bela. Nur vi estas bela, Linda.</p>

</sp>

<sp>

<speaker xml:id="e5321">Linda:</speaker>

<p xml:id="e5322">Tom, kara! Kio okazas al vi? Eble vi laboras tro multe, kaj...</p>

</sp>

<sp>

<speaker xml:id="e5323">Tom:</speaker>

<p xml:id="e5324">Nenio speciala okazas al mi. Kaj mi ne laboras tro multe. Fakte, mi laboras malmulte nun. La vera demando estas: kio okazas al vi, Linda? Nur vi estas vere bela.</p>

</sp>

<sp>

<speaker xml:id="e5325">Linda:</speaker>

<p xml:id="e5326">Nu, nu...</p>

</sp>

<sp>

<speaker xml:id="e5327">Tom:</speaker>

<p xml:id="e5328">Estas fakto. Nur vi estas bela, Linda. Mi estas sincera. Venu kun mi!</p>

</sp>

<sp>

<speaker xml:id="e5329">Linda:</speaker>

<p xml:id="e5330">Sed...</p>

</sp>

<sp>

<speaker xml:id="e5331">Tom:</speaker>

<p xml:id="e5332">Venu. Al la granda spegulo. Rigardu. Jen estas Linda, la plej bela virino en la mondo, la plej bela virino en la tuta mondo.</p>

</sp>

<sp>

<speaker xml:id="e5333">Linda:</speaker>

<p xml:id="e5334">Kaj jen estas Tom, la plej malserioza knabo en la tuta universitato.</p>

</sp>

</div>

<div type="chapitro">

<head xml:id="e5335">ĈAPITRO 2 (DU)</head>

<sp>

<speaker xml:id="e5336">Linda:</speaker>

<p xml:id="e5337">Tom!</p>

</sp>

<sp>

<speaker xml:id="e5338">Tom:</speaker>

<p xml:id="e5339">Kio okazas al vi? Vi estas pala! Bela, sed pala.</p>

</sp>

<sp>

<speaker xml:id="e5340">Linda:</speaker>

<p xml:id="e5341">Tom! Ne rigardu!</p>

</sp>

<sp>

<speaker xml:id="e5342">Tom:</speaker>

<p xml:id="e5343">Kio okazas?</p>

</sp>

<sp>

<speaker xml:id="e5344">Linda:</speaker>

<p xml:id="e5345">Strange! Okazas io stranga, io tre stranga. Tiu ulo, tiu nova studento... Ne, ne, mi petas vin, ne rigardu. Estu diskreta.</p>

</sp>

<sp>

<speaker xml:id="e5346">Tom:</speaker>

<p xml:id="e5347">Diable! Diru al mi. Kio estas tiu mistero?</p>

</sp>

<sp>

<speaker xml:id="e5348">Linda:</speaker>

<p xml:id="e5349">Lia mano agas strange. Rigardu, se vi volas, sed plej diskrete. Turnu vin iomete, eble, sed tute nature. Li ne vidu, ke vi rigardas al li.</p>

</sp>

<sp>

<speaker xml:id="e5350">Tom:</speaker>

<p xml:id="e5351">Vi pravas. Io stranga okazas. Dum ŝi ne rigardas al li — ŝi nun rigardas al la granda spegulo — lia mano iom post iom, tre tre malrapide, proksimiĝas al ŝia taso...</p>

</sp>

<sp>

<speaker xml:id="e5352">Linda:</speaker>

<p xml:id="e5353">Estas io en lia mano.</p>

</sp>

<sp>

<speaker xml:id="e5354">Tom:</speaker>

<p xml:id="e5355">Mi ne vidas. Li estas tro malproksima. Diable! Tiu alta forta knabo nun staras inter ili kaj mi. Mi ne plu vidas.</p>

</sp>

<sp>

<speaker xml:id="e5356">Linda:</speaker>

<p xml:id="e5357">Sed mi vidas. Mi vidas bone. Mi vidas tre bone. Mi vidas tute bone. Ej!</p>

</sp>

<sp>

<speaker xml:id="e5358">Tom:</speaker>

<p xml:id="e5359">Kio okazas?</p>

</sp>

<sp>

<speaker xml:id="e5360">Linda:</speaker>

<p xml:id="e5361">Ŝi rigardas al li nun, kaj lia mano haltas.</p>

</sp>

<sp>

<speaker xml:id="e5362">Tom:</speaker>

<p xml:id="e5363">Kaj kio plu? Diru al mi!</p>

</sp>

<sp>

<speaker xml:id="e5364">Linda:</speaker>

<p xml:id="e5365">Nun li parolas al ŝi. Li montras al la pordo.</p>

</sp>

<sp>

<speaker xml:id="e5366">Tom:</speaker>

<p xml:id="e5367">Eble li volas, ke ŝi rigardu al alia direkto, ke ŝi ne plu rigardu al li.</p>

</sp>

<sp>

<speaker xml:id="e5368">Linda:</speaker>

<p xml:id="e5369">Prave, tute prave. Jen ŝi rigardas al la pordo. Li plu parolas kaj parolas. Dum ŝi ne rigardas al lia direkto, lia mano plu proksimiĝas al la taso. Ej!</p>

</sp>

<sp>

<speaker xml:id="e5370">Tom:</speaker>

<p xml:id="e5371">Kio? Kio okazas?</p>

</sp>

<sp>

<speaker xml:id="e5372">Linda:</speaker>

<p xml:id="e5373">Lia mano revenas, tute diskrete, kvazaŭ tute nature.</p>

</sp>

<sp>

<speaker xml:id="e5374">Tom:</speaker>

<p xml:id="e5375">Ĉu estas io en lia mano?</p>

</sp>

<sp>

<speaker xml:id="e5376">Linda:</speaker>

<p xml:id="e5377">Nenio plu. Sed tute certe nun estas io en ŝia taso.</p>

</sp>

</div>

<div type="chapitro">

<head xml:id="e5378">ĈAPITRO 3 (TRI)</head>

<sp>

<speaker xml:id="e5379">Bob:</speaker>

<p xml:id="e5380">Diable! Kio okazas? Vi aspektas kiel spionoj. Ĉu mi povas sidi kun vi?</p>

</sp>

<sp>

<speaker xml:id="e5381">Linda:</speaker>

<p xml:id="e5382">Saluton, Bob.</p>

</sp>

<sp>

<speaker xml:id="e5383">Tom:</speaker>

<p xml:id="e5384">Bonan tagon, Bob.</p>

</sp>

<sp>

<speaker xml:id="e5385">Bob:</speaker>

<p xml:id="e5386">Bonan tagon, Linda. Bonan tagon, Tom. Pardonu, ke mi ne salutis vin tuj.</p>

</sp>

<sp>

<speaker xml:id="e5387">Linda:</speaker>

<p xml:id="e5388">Ne gravas. Nun vi salutis, kaj ni pardonas vin.</p>

</sp>

<sp>

<speaker xml:id="e5389">Bob:</speaker>

<p xml:id="e5390">Ĉu vi permesas, ke mi sidu ĉe via tablo?</p>

</sp>

<sp>

<speaker xml:id="e5391">Linda:</speaker>

<p xml:id="e5392">Kompreneble, vi sidu kun ni.</p>

</sp>

<sp>

<speaker xml:id="e5393">Bob:</speaker>

<p xml:id="e5394">Mi tamen ne volas esti maldiskreta. Eble Tom parolas pri amo kaj preferas esti sola kun vi.</p>

</sp>

<sp>

<speaker xml:id="e5395">Tom:</speaker>

<p xml:id="e5396">Mi ne parolis pri amo.</p>

</sp>

<sp>

<speaker xml:id="e5397">Linda:</speaker>

<p xml:id="e5398">Li nur diris, ke mi estas la plej bela virino en la tuta mondo.</p>

</sp>

<sp>

<speaker xml:id="e5399">Bob:</speaker>

<p xml:id="e5400">Li pravas. Tio ne estas amdeklaro, tio estas simpla fakto.</p>

</sp>

<sp>

<speaker xml:id="e5401">Tom:</speaker>

<p xml:id="e5402">Prave. Simpla fakto.</p>

</sp>

<sp>

<speaker xml:id="e5403">Bob:</speaker>

<p xml:id="e5404">Nu, certe, Linda estas tre bela, sed ne tio gravas nun.</p>

</sp>

<sp>

<speaker xml:id="e5405">Linda:</speaker>

<p xml:id="e5406">Ne gravas, ĉu? Ne gravas, ke mi estas bela, ĉu? Jen bela deklaro!</p>

</sp>

<sp>

<speaker xml:id="e5407">Bob:</speaker>

<p xml:id="e5408">Pardonu min. Mi volas diri, ke io estas pli grava.</p>

</sp>

<sp>

<speaker xml:id="e5409">Tom:</speaker>

<p xml:id="e5410">Kio? Pri kio vi parolas? Kio estas pli grava?</p>

</sp>

<sp>

<speaker xml:id="e5411">Bob:</speaker>

<p xml:id="e5412">Vi ne vidis min, dum mi proksimiĝis al vi, sed mi vin rigardis.</p>

</sp>

<sp>

<speaker xml:id="e5413">Linda:</speaker>

<p xml:id="e5414">Mi ne komprenas, pri kio vi parolas.</p>

</sp>

<sp>

<speaker xml:id="e5415">Bob:</speaker>

<p xml:id="e5416">Mi parolas pri via vizaĝo.</p>

</sp>

<sp>

<speaker xml:id="e5417">Linda:</speaker>

<p xml:id="e5418">Kio pri mia vizaĝo? Ĉu ĝi ne estas bela?</p>

</sp>

<sp>

<speaker xml:id="e5419">Bob:</speaker>

<p xml:id="e5420">Ho jes, ĝi estas bela, ĝi estas la plej bela en la mondo. Sed ĝi estis mistera!</p>

</sp>

<sp>

<speaker xml:id="e5421">Linda:</speaker>

<p xml:id="e5422">Mistera? Ĉu mia vizaĝo estis mistera?</p>

</sp>

<sp>

<speaker xml:id="e5423">Bob:</speaker>

<p xml:id="e5424">Jes. Via vizaĝo estis mistera. Fakte, viaj vizaĝoj estis misteraj. Mistera vizaĝo de spionino ĉe mistera vizaĝo de spiono. Vi aspektis strange. Vi aspektis mistere. Mi bone rigardis vin, dum mi proksimiĝis al vi, kaj estis mistera esprimo sur via vizaĝo, Linda, kaj ankaŭ sur via, Tom. Kiel mi jam diris, vi aspektis kiel spionoj.</p>

</sp>

</div>

<div type="chapitro">

<head xml:id="e5425">ĈAPITRO 4 (KVAR)</head>

<sp>

<speaker xml:id="e5426">Bob:</speaker>

<p xml:id="e5427">Diru al mi sincere, pri kio vi parolis.</p>

</sp>

<sp>

<speaker xml:id="e5428">Tom:</speaker>

<p xml:id="e5429">Ni parolis pri tiu ulo.</p>

</sp>

<sp>

<speaker xml:id="e5430">Bob:</speaker>

<p xml:id="e5431">Kiu ulo?</p>

</sp>

<sp>

<speaker xml:id="e5432">Tom:</speaker>

<p xml:id="e5433">Tiu viro ĉe la angulo. Tiu juna viro.</p>

</sp>

<sp>

<speaker xml:id="e5434">Bob:</speaker>

<p xml:id="e5435">Pri kiu vi parolas? Ĉu pri tiu blondulo, kiu sidas kun Gerda?</p>

</sp>

<sp>

<speaker xml:id="e5436">Linda:</speaker>

<p xml:id="e5437">Gerda! Vi do scias, ke ŝia nomo estas Gerda! Vi do konas ŝin!</p>

</sp>

<sp>

<speaker xml:id="e5438">Bob:</speaker>

<p xml:id="e5439">Nu, mi ne vere konas ŝin. Mi scias, kiu ŝi estas. Tio estas alia afero.</p>

</sp>

<sp>

<speaker xml:id="e5440">Linda:</speaker>

<p xml:id="e5441">Kiu do ŝi estas?</p>

</sp>

<sp>

<speaker xml:id="e5442">Bob:</speaker>

<p xml:id="e5443">Sed vi ne respondis al mi. Vi ne respondis al mia demando. Ĉu vere pri tiu blonda junulo vi parolis?</p>

</sp>

<sp>

<speaker xml:id="e5444">Tom:</speaker>

<p xml:id="e5445">Jes. Pri li.</p>

</sp>

<sp>

<speaker xml:id="e5446">Bob:</speaker>

<p xml:id="e5447">Mi ne konas lin. Mi neniam vidis lin antaŭe.</p>

</sp>

<sp>

<speaker xml:id="e5448">Linda:</speaker>

<p xml:id="e5449">Sed, diru al mi, kiu estas tiu Gerda?</p>

</sp>

<sp>

<speaker xml:id="e5450">Bob:</speaker>

<p xml:id="e5451">Ŝi venis por instrui. Temas pri io mistera, fakte. Kriptaĵoscienco.</p>

</sp>

<sp>

<speaker xml:id="e5452">Linda:</speaker>

<p xml:id="e5453">Kio? Kiel vi diris? Krip-ta-ĵo-sci-en-co, ĉu? Kio estas tio?</p>

</sp>

<sp>

<speaker xml:id="e5454">Bob:</speaker>

<p xml:id="e5455">Ĉu vere vi ne scias, kio estas kriptaĵoscienco? Oni diras ankaŭ “kriptografio”.</p>

</sp>

<sp>

<speaker xml:id="e5456">Linda:</speaker>

<p xml:id="e5457">Ne. Mi ne scias. Mi tute ne scias. Ĉu vi scias, Tom?</p>

</sp>

<sp>

<speaker xml:id="e5458">Tom:</speaker>

<p xml:id="e5459">Ĉu tio ne estas la arto kompreni, pri kio temas sekreta mesaĝo?</p>

</sp>

<sp>

<speaker xml:id="e5460">Bob:</speaker>

<p xml:id="e5461">Prave. Jen ŝia fako. Fakte, ŝia fako estas la malnovaj sekretaj lingvoj.</p>

</sp>

<sp>

<speaker xml:id="e5462">Tom:</speaker>

<p xml:id="e5463">Mi ne komprenas. Kiu, en universitato, volas lerni pri la malnovaj sekretaj lingvoj?</p>

</sp>

<sp>

<speaker xml:id="e5464">Bob:</speaker>

<p xml:id="e5465">Ankaŭ mi ne tute komprenas. Estis ideo de Ronga, la profesoro pri lingvistiko. Li konsideras, ke sekretaj lingvoj estas aspekto de la arto komuniki, kaj ke ili do rilatas al lingvistiko.</p>

</sp>

<sp>

<speaker xml:id="e5466">Linda:</speaker>

<p xml:id="e5467">Eble jes. Eble li pravas. Kaj tamen tiu ideo estas iom stranga, ĉu vi ne konsentas?</p>

</sp>

<sp>

<speaker xml:id="e5468">Bob:</speaker>

<p xml:id="e5469">Jes. Ĝi aspektis strange ankaŭ al mi, kiam oni parolis pri ĝi.</p>

</sp>

<sp>

<speaker xml:id="e5470">Linda:</speaker>

<p xml:id="e5471">Eble Ronga, la lingvistika profesoro, nur deziris, ke bela virino kunlaboru kun li. Ĉu ne estas bona ideo kunlabori kun bela knabino, kiam tio estas ebla?</p>

</sp>

<sp>

<speaker xml:id="e5472">Tom:</speaker>

<p xml:id="e5473">Mi jam diris al vi, ke ŝi ne estas bela. Nur vi estas bela.</p>

</sp>

<sp>

<speaker xml:id="e5474">Bob:</speaker>

<p xml:id="e5475">Mi ne konsentas. Estas fakto, ke Linda estas tre bela, ke ŝi estas la plej bela knabino en la mondo. Sed ankaŭ Gerda estas bela, iom malpli bela, sed tamen bela; ĉu vi konsentas?</p>

</sp>

<sp>

<speaker xml:id="e5476">Tom:</speaker>

<p xml:id="e5477">Tute ne. Por vi, eble. Sed por mi ne. Por mi, nur Linda ekzistas kiel bela virino.</p>

</sp>

<sp>

<speaker xml:id="e5478">Bob:</speaker>

<p xml:id="e5479">Ĉu vi volas diri, ke por vi Linda estas la sola bela virino en la tuta mondo?</p>

</sp>

<sp>

<speaker xml:id="e5480">Tom:</speaker>

<p xml:id="e5481">Jes, por mi, Linda estas la sola bela virino en la tuta mondo.</p>

</sp>

<sp>

<speaker xml:id="e5482">Bob:</speaker>

<p xml:id="e5483">Diable! Vi verŝajne amas ŝin.</p>

</sp>

</div>

<div type="chapitro">

<head xml:id="e5484">ĈAPITRO 5 (KVIN)</head>

<sp>

<speaker xml:id="e5485">Bob:</speaker>

<p xml:id="e5486">Nu, vi ankoraŭ ne diris al mi, kio okazis, dum vi spione rigardis tiun paron.</p>

</sp>

<sp>

<speaker xml:id="e5487">Linda:</speaker>

<p xml:id="e5488">Okazis io vere stranga.</p>

</sp>

<sp>

<speaker xml:id="e5489">Tom:</speaker>

<p xml:id="e5490">Vere stranga, fakte. En la mano de tiu junulo estis io.</p>

</sp>

<sp>

<speaker xml:id="e5491">Bob:</speaker>

<p xml:id="e5492">Kio?</p>

</sp>

<sp>

<speaker xml:id="e5493">Linda:</speaker>

<p xml:id="e5494">Ni ne povis vidi. Io tre eta. Malgranda afero. Afereto.</p>

</sp>

<sp>

<speaker xml:id="e5495">Tom:</speaker>

<p xml:id="e5496">Kaj dum ŝi ne rigardis, lia mano alproksimiĝis al ŝia taso.</p>

</sp>

<sp>

<speaker xml:id="e5497">Linda:</speaker>

<p xml:id="e5498">Kaj kiam ŝi ekrigardis lin, lia mano ekhaltis.</p>

</sp>

<sp>

<speaker xml:id="e5499">Tom:</speaker>

<p xml:id="e5500">Tiam li montris ion al ŝi. Evidente, li deziris forturni ŝian atenton.</p>

</sp>

<sp>

<speaker xml:id="e5501">Linda:</speaker>

<p xml:id="e5502">Kaj li sukcesis. Li plene sukcesis. Ŝi rigardis al la pordo. Kaj dum ŝi rigardis for, lia mano subite estis super ŝia taso, dum unu sekundo, ne pli, kaj tute nature revenis. Malplena.</p>

</sp>

<sp>

<speaker xml:id="e5503">Bob:</speaker>

<p xml:id="e5504">Ĉu ĝi estis plena antaŭe?</p>

</sp>

<sp>

<speaker xml:id="e5505">Tom:</speaker>

<p xml:id="e5506">Ne plena. Kompreneble, ĝi ne estis plena. Sed estis io en ĝi, kaj post kiam ĝi estis dum sekundo super la taso de Gerda, estis plu nenio en ĝi.</p>

</sp>

<sp>

<speaker xml:id="e5507">Linda:</speaker>

<p xml:id="e5508">Certe estas iu mistera substanco.</p>

</sp>

<sp>

<speaker xml:id="e5509">Tom:</speaker>

<p xml:id="e5510">Iu drogo.</p>

</sp>

<sp>

<speaker xml:id="e5511">Bob:</speaker>

<p xml:id="e5512">Kiel vi povas scii, ke ne estis tute simple peco da sukero?</p>

</sp>

<sp>

<speaker xml:id="e5513">Linda:</speaker>

<p xml:id="e5514">Li ne agus tiel kaŝe, se estus nur sukero.</p>

</sp>

<sp>

<speaker xml:id="e5515">Tom:</speaker>

<p xml:id="e5516">Cetere, ĉi tie ne estas peca sukero. Estas nur pulvora sukero, en sukerujoj.</p>

</sp>

<sp>

<speaker xml:id="e5517">Bob:</speaker>

<p xml:id="e5518">Eble li havis sukerpecon en la poŝo kaj...</p>

</sp>

<sp>

<speaker xml:id="e5519">Tom:</speaker>

<p xml:id="e5520">Ĉu vi ofte promenas kun sukerpecoj en via poŝo?</p>

</sp>

<sp>

<speaker xml:id="e5521">Bob:</speaker>

<p xml:id="e5522">Vi pravas. Tiu ideo estas absurda. Tamen...</p>

</sp>

<sp>

<speaker xml:id="e5523">Linda:</speaker>

<p xml:id="e5524">Rigardu! Jen ŝi ekstaras, kaj ekiras for.</p>

</sp>

<sp>

<speaker xml:id="e5525">Bob:</speaker>

<p xml:id="e5526">Ŝi ŝajnas tute normala. Verŝajne vi imagis ion draman, dum temas pri tute simpla, tute natura okazaĵo.</p>

</sp>

</div>

<div type="chapitro">

<head xml:id="e5527">ĈAPITRO 6 (SES)</head>

<sp>

<speaker xml:id="e5528">Tom:</speaker>

<p xml:id="e5529">Ĉu vi aŭdis? Kio estis tio?</p>

</sp>

<sp>

<speaker xml:id="e5530">Bob:</speaker>

<p xml:id="e5531">Jes, mi aŭdis. Mi aŭdis ion.</p>

</sp>

<sp>

<speaker xml:id="e5532">Linda:</speaker>

<p xml:id="e5533">Ankaŭ mi aŭdis strangan bruon, kvazaŭ iu falus en la koridoro.</p>

</sp>

<sp>

<speaker xml:id="e5534">Bob:</speaker>

<p xml:id="e5535">Kvazaŭ <hi>ŝi</hi> falus.</p>

</sp>

<sp>

<speaker xml:id="e5536">Tom:</speaker>

<p xml:id="e5537">Mi havis la saman penson kiel vi. Ankaŭ mi pensis tion. Ankaŭ mi pensis: jen Gerda falas en la koridoro.</p>

</sp>

<sp>

<speaker xml:id="e5538">Linda:</speaker>

<p xml:id="e5539">Ĉu ni iru vidi?</p>

</sp>

<sp>

<speaker xml:id="e5540">Tom:</speaker>

<p xml:id="e5541">Kompreneble. Ni iru tuj.</p>

</sp>

<sp>

<speaker xml:id="e5542">Bob:</speaker>

<p xml:id="e5543">Mi iru kun Tom, sed vi restu ĉi tie, Linda. Observu tiun junulon, kun kiu Gerda parolis, kaj kiu eble metis drogon en ŝian kafon.</p>

</sp>

<sp>

<speaker xml:id="e5544">Linda:</speaker>

<p xml:id="e5545">Ĉu vi ambaŭ foriras kaj mi restu tute sola? Mi iom timas.</p>

</sp>

<sp>

<speaker xml:id="e5546">Bob:</speaker>

<p xml:id="e5547">Ni ne havas la tempon diskuti. Ni devas iri vidi tuj. Restu trankvile ĉi tie. Vi nenion riskas. Venu, Tom, ni ne perdu tempon.</p>

</sp>

</div>

<div type="chapitro">

<head xml:id="e5548">ĈAPITRO 7 (SEP)</head>

<stage xml:id="e5549" type="setting"><hi>(En la koridoro)</hi></stage>

<sp>

<speaker xml:id="e5550">Tom:</speaker>

<p xml:id="e5551">Jen ŝi estas. Ni pravis. Ŝi apenaŭ havis la tempon alveni ĝis la angulo, jam ŝi falis. Videble, ŝi estas nekonscia. Ŝi perdis la konscion kaj falis.</p>

</sp>

<sp>

<speaker xml:id="e5552">Bob:</speaker>

<p xml:id="e5553">Ĉu ŝi ankoraŭ vivas?</p>

</sp>

<sp>

<speaker xml:id="e5554">Tom:</speaker>

<p xml:id="e5555">Jes. Ne timu. Ŝi perdis la konscion, sed ŝi ne perdis la vivon. La koro batas. Ĝi batas malforte, sed tamen batas. Ŝi do vivas. Eble ŝi apenaŭ vivas, sed ŝi vivas.</p>

</sp>

<sp>

<speaker xml:id="e5556">Bob:</speaker>

<p xml:id="e5557">Kion ni faru?</p>

</sp>

<sp>

<speaker xml:id="e5558">Tom:</speaker>

<p xml:id="e5559">Kion vi opinias?</p>

</sp>

<sp>

<speaker xml:id="e5560">Bob:</speaker>

<p xml:id="e5561">Ŝajnas, ke ŝi dormas.</p>

</sp>

<sp>

<speaker xml:id="e5562">Tom:</speaker>

<p xml:id="e5563">Ni devas informi la aŭtoritatojn. Tuj. Mi iros. Ili eble decidos voki doktoron, kuraciston, kaj almenaŭ tuj sendos flegistinon. Certe estas flegistino en ĉi tiu universitato, ĉu ne?</p>

</sp>

<sp>

<speaker xml:id="e5564">Bob:</speaker>

<p xml:id="e5565">Verŝajne, sed mi ne scias certe. Mi estas ĉi tie apenaŭ unu semajnon.</p>

</sp>

<sp>

<speaker xml:id="e5566">Tom:</speaker>

<p xml:id="e5567">Nu, mi tuj iros informi ilin. Restu ĉi tie kun ŝi. Sed ni unue metu ŝin pli bone, ke ŝi kuŝu komforte, kun la piedoj pli altaj ol la kapo.</p>

</sp>

<sp>

<speaker xml:id="e5568">Bob:</speaker>

<p xml:id="e5569">Ĉu vere? Ĉu vere vi volas, ke ŝi kuŝu kun la piedoj pli altaj ol la kapo? Tio ne estas komforta.</p>

</sp>

<sp>

<speaker xml:id="e5570">Tom:</speaker>

<p xml:id="e5571">Tamen, kiam iu perdis la konscion, tio estas la ĝusta pozicio, se mi bone memoras, kion oni instruis al mi.</p>

</sp>

</div>

<div type="chapitro">

<head xml:id="e5572">ĈAPITRO 8 (OK)</head>

<p xml:id="e5573">En la universitata memserva restoracio, Linda sidas kaj pensas. Ŝi pensas ne tre trankvile. Fakte, ŝiaj pensoj iĝas pli kaj pli maltrankvilaj.</p>

<p xml:id="e5574">Ŝi observas la junan viron, kiu metis ion en la kafon de Gerda.</p>

<p xml:id="e5575">Ŝi pli kaj pli maltrankviliĝas.</p>

<p xml:id="e5576">Tom kaj Bob estas for jam longe. Ili ne revenas. Ĉu do vere okazis io al Gerda? Sed kio okazis? Ĉu io grava?</p>

<p xml:id="e5577">Linda observas la junulon kaj pensas:</p>

<p xml:id="e5578">“Kion mi faros, se li ekstaros kaj foriros?”</p>

<p xml:id="e5579">“Ĉu mi sekvos lin? Ĉu mi sekvu lin?”</p>

<p xml:id="e5580">“Kion mi faru, se li iros eksteren? Ĉu mi sekvu lin eksteren? Ĉu mi sekvu lin ekstere? Mi ne scias, kion mi faru. Mi ne scias, kion mi faros. Mi ne scias, ĉu mi sekvos lin aŭ ne.”</p>

<p xml:id="e5581">“Kaj se li foriros en aŭto? Ĉu ankaŭ mi sekvu lin aŭte?”</p>

<p xml:id="e5582">“Jam estas vespero. Baldaŭ venos nokto. Jes. Baldaŭ noktiĝos. Ĉu mi sekvu lin nokte?”</p>

<p xml:id="e5583">“Kaj eĉ se li ne iros eksteren de la universitato, eĉ se li restos ĉi tie, ĉu mi sekvu lin?”</p>

<p xml:id="e5584">“Se li eliros tra tiu ĉi pordo, li iros en la koridoron al iu ĉambro. Ĉu mi sekvu lin en la koridoron? Ĉu mi sekvu lin en la koridoro? Ĉu mi sekvu lin en la ĉambron, en kiun li eniros? Ne. Neeble. Mi atendos en la koridoro. Sed se nenio okazos? Se li restos longe plu en la ĉambro?”</p>

<p xml:id="e5585">“Kaj se li eliros tra tiu pordo, li iros eksteren, verŝajne al la urbo. Ĉu mi sekvu lin al la urbo? Ĉu mi sekvu lin en la urbon? Ĉu mi sekvu lin en la urbo?”</p>

<p xml:id="e5586">“Se li iros piede, eble li vidos min, verŝajne li vidos min. Li suspektos, ke mi lin sekvas. Li turnos sin al mi. Mi ektimos. Mi paliĝos kaj tuj poste ruĝiĝos. Ĉiaokaze, mi maltrankviliĝos. Jam nun mi maltrankviliĝas.”</p>

<p xml:id="e5587">“Se li iros per buso, li eĉ pli certe vidos, ke mi sekvas lin, ĉar ni devos kune atendi ĉe la haltejo.”</p>

<p xml:id="e5588">Linda ne sukcesas decidi, kion ŝi faru.</p>

<p xml:id="e5589">Ŝi timas. Ŝia koro batas rapide. Ŝi volus, ke Tom kaj Bob estu kun ŝi, ke ili helpu ŝin, ke ili helpu ŝin decidi. Ŝi estas tute sola. Ŝi sentas, ke ŝia koro rapidiĝas, sed ŝi ne scias, kion fari.</p>

<p xml:id="e5590">Kaj jen, antaŭ ol ŝi povis decidi, antaŭ ol ŝi sukcesis retrankviliĝi, jen la juna viro ekstaras. Li rigardas al la koridora pordo. Ĉu tien li iros? Li rigardas al la pordo, tra kiu oni eliras al la urbo. Ĉu tien? Jes, tien li iras.</p>

<p xml:id="e5591">Kaj Linda aŭtomate ekstaras kaj ekpaŝas al la sama pordo. Ne ŝi decidis. Ŝajnas, ke ŝia korpo decidis mem. Ŝajnas, ke ŝiaj kruroj agas mem. Nu, ĉiaokaze, jen Linda sekvas lin. Al kiu mistera destino?</p>

</div>

<div type="chapitro">

<head xml:id="e5592">ĈAPITRO 9 (NAŬ)</head>

<p xml:id="e5593">“Ŝi kuŝas meze de la koridoro! Venu, venu tuj. Certe la afero urĝas,” diras Tom.</p>

<p xml:id="e5594">Li rigardas la flegistinon: ŝi estas dika, grasa virino kun bluaj okuloj, ruĝaj haroj, kaj tre ronda vizaĝo. Jam kelkajn minutojn li provas diri, kio okazis, sed ŝajnas, ke tiu flegistino ne rapide komprenas. La vorto “urĝa” ŝajnas ne ekzisti en ŝia vortaro.</p>

<p xml:id="e5595">“Kuŝas, ĉu? Meze de la koridoro, ĉu vere?” ŝi diras.</p>

<p xml:id="e5596">Videble, la flegistino apenaŭ povas kredi.</p>

<p xml:id="e5597">“Kial, diable, ŝi kuŝus meze de la koridoro?” ŝi demandas.</p>

<p xml:id="e5598">“Mi petas, venu urĝe. Mi ne scias, kial ŝi kuŝas tie. Mi nur diras, kion mi vidis. Ni trovis ŝin tie. Eble ŝi estis malsana. Mi ne scias. Ŝi svenis, ŝi perdis la konscion. Nun certe oni devas urĝe okupiĝi pri ŝi.”</p>

<p xml:id="e5599">“Stranga afero!”</p>

<p xml:id="e5600">“Nu, mi ne estas fakulo. Vi jes. Okupiĝi pri malsanaj homoj estas via fako, ĉu ne? Venu tuj. Urĝas!”</p>

<p xml:id="e5601">“Nu, nu, nu, nu. Kial, diable, ŝi svenis en la koridoro? Stranga ideo! Oni neniam svenas tie.”</p>

<p xml:id="e5602">“Ĉu vere? Kie do oni svenas en ĉi tiu universitato? Pardonu min, sed mi ne konas la tradiciojn. Mi estas novulo. Apenaŭ unu semajnon mi estas ĉi tie.”</p>

<p xml:id="e5603">“Juna viro, en ĉi tiu universitato, oni svenas en la klasĉambroj, oni svenas en la restoracio, oni svenas en la dorm-ĉambroj, oni svenas en la banĉambroj, eble eĉ oni povus sveni en iu administra oficejo. Sed pri sveno koridora mi neniam aŭdis. Stranga epoko! Stranga generacio! Oni faras ion ajn niaepoke.”</p>

<p xml:id="e5604">“Vi parolas, parolas, paroladas, kaj dume tiu kompatinda knabino kuŝas en koridoro, kaj neniu zorgas pri ŝi!”</p>

<p xml:id="e5605">“Nu, nu, ne maltrankviliĝu, juna viro, ne havu zorgojn. Ni tuj rapidos tien, kaj mi tuj prizorgos ŝin.”</p>

<p xml:id="e5606">Kaj ili kune rapidas al la loko, kie Tom lasis sian amikon kun Gerda.</p>

<p xml:id="e5607">Sed jen subite Tom haltas.</p>

<p xml:id="e5608">“Kio okazas? Kial vi ekhaltis?” demandas la flegistino.</p>

<p xml:id="e5609">“Ŝi estis ĉi tie, kaj ne plu estas, sed...”</p>

<p xml:id="e5610">“Sed estas iu alia, kaj <hi>li</hi> estas senkonscia, ŝajnas al mi. Ĉu vi konas lin?”</p>

<p xml:id="e5611">“Jes, estas mia amiko Bob. Kio okazis al li?”</p>

<p xml:id="e5612">La flegistino iras al Bob, kiu falsidas ĉe la koridora muro. Ŝi tuŝas lian kapon.</p>

<p xml:id="e5613">“Batita! Oni batis la kapon al li!”</p>

<p xml:id="e5614">“Diable! Bob, Bob! Respondu! Ĉu vi aŭdas min? Diru ion, mi petas! Kio okazis?”</p>

<p xml:id="e5615">Sed Bob ne respondas, kaj Tom iĝas pli kaj pli maltrankvila.</p>

</div>

<div type="chapitro">

<head xml:id="e5616">ĈAPITRO 10 (DEK)</head>

<p xml:id="e5617">Fakte, Tom ne estas ema fidi la flegistinon. Kial? Ĉu vi scias, kara amiko, vi kiu sekvas ĉi tiun aventuron ekde la unua vorto? Ĉu vi scias, kial Tom ne emas fidi la flegistinon?</p>

<p xml:id="e5618">Ne. Certe vi ne scias. Ankaŭ mi ne scias. Sed fakto restas fakto, eĉ se ni ne komprenas ĝin. Kaj la fakto estas, ke Tom ne emas ŝin kredi.</p>

<p xml:id="e5619">Tom estas agema knabo, eĉ iom aventurema, kaj eble tiu tro parolema flegistino ne ŝajnas al li kredinda. Eble li opinias, ke tiu flegistino tro emas paroli, kaj do ne estas fidinda. Au ĉu temas pri io alia?</p>

<p xml:id="e5620">Tom ege ŝatas sian amikon Bob. Li ŝategas lin. Li lin amas, fakte. Bob kaj li amikiĝis antaŭ longe en la urbego, kie ili vivis tiutempe — ili dumtempe eĉ iradis al la sama lernejo — sed poste Tom devis iri al malsama urbo, kaj ili ne plu vidis sin reciproke. Kiam, antaŭ kelkaj tagoj, ili retrovis unu la alian en la sama universitato, ambaŭ ege dankis la destinon.</p>

<p xml:id="e5621">Ili treege ŝatas la tiean bonegan vivon. Ili ŝategas ĝin. Ambaŭ estas agemaj, laboremaj knaboj, kun speciala ŝato al la iom timemaj studentinoj. Eble ĉar timema junulino estas malpli timinda ol ino neniam ema timi, ol sen-tim-ulino. Ĉu vi komprenas?</p>

<p xml:id="e5622">Sed nun Tom malŝatas la aventuron. Li sin demandas, kial li sentas tiun flegistinon nefidinda. Li preferus silenteman, grav-aspektan sinjorinon. Tiu ĉi ne aspektas tre zorgeme, kaj li ne trovas ŝin atentema pri liaj demandoj. Verdire, li opinias ŝin ema fuŝi sian laboron. Li timas, ke ŝi ofte agas fuŝe. Fuŝemaj homoj ekzistas en la mondo. Kial tiu tro parolema flegistino ne estus unu el ili? Ĉu li mispaŝis, kiam li turnis sin al ŝi? Sed al kiu alia li povus sin turni? Ŝi estis la sola flegistino, kiu troviĝis en la universitato. Au ĉu li mispensas?</p>

<p xml:id="e5623">Kaj nun li sentas sin ema zorgi pri Linda. Ĉu tiu belega knabino ne troviĝas en danĝero? Li amas ŝin, li eĉ amegas ŝin, pli kaj pli, kaj la ideo, ke danĝeraj homoj povus fari ion al ŝi, apenaŭ estas travivebla. La vivo ne estas facila, kaj ŝajnas nun, ke la tuta afero iĝas pli kaj pli malŝatinda.</p>

</div>

<div type="chapitro">

<head xml:id="e5624">ĈAPITRO 11 (DEK UNU)</head>

<p xml:id="e5625">Linda ekhavis ideon. Ŝi aliris la junan blondan viron, dum li proksimiĝis al sia aŭto, kaj alparolis lin:</p>

<p xml:id="e5626">“Sinjoro, ĉu vi bonvolus helpi al mi?”</p>

<p xml:id="e5627">Li turnis sin al ŝi kun vizaĝo ŝajne ne tre kontenta, kaj ŝin rigardis dum longa senvorta minuto.</p>

<p xml:id="e5628">“Kiel mi povus vin helpi?” li fine demandis, kaj li tuj aldonis: “Bonvolu pardoni min, se mi respondas nee, sed al mi tempo vere mankas. Mi devas urĝe veturi al la urbo.”</p>

<p xml:id="e5629">“Ĝuste tiel vi povas min helpi. Mia aŭto paneas. Io estas fuŝita en ĝi. Mi ne sukcesas ĝin irigi...”</p>

<p xml:id="e5630">“Pardonu min, sed mi ne sukcesus rebonigi la aferon, eĉ kun plej granda bonvolo. Pri mekaniko mi scias nenion. Mi ĉiam miras vidi, ke veturiloj entute funkcias. Kiam mi vidas motoron, ĉiam mirigas min, ke tia ŝajne senorda aranĝo de pecoj kaj objektoj igas aŭton iri. Mi...”</p>

<p xml:id="e5631">“Mi ne petas vin ripari mian veturilon, vi min miskomprenis. Mi demandas nur, ĉu vi bonvolus akcepti min en via aŭto ĝis la urbo.”</p>

<p xml:id="e5632">La ideo de Linda estis jena: sekvi lin estus danĝere, sed se li veturos aŭte, mi petos lin akcepti, ke mi veturu kun li, kaj dum la veturado mi igos lin paroli. Mi diskrete faros ŝajne banalajn demandojn, kaj paroligos lin. Tiel mi scios kiel eble plej multe pri li.</p>

<p xml:id="e5633">“Nu, bone,” li fine konsentas. “Konsentite, venu.” Kaj li malfermas la pordon de la aŭto por ŝi.</p>

<p xml:id="e5634">“Dankon, vi vere estas tre afabla. Tio ege helpas min. Mi plej sincere dankas.”</p>

<p xml:id="e5635">“Ne dankinde,” li respondas, iom seke. Kaj li ekirigas la motoron.</p>

<p xml:id="e5636">“Mi ne ŝatas la ideon, ke mi devos venigi ripariston, mekanikiston,“ ŝi diras. ”Mi tute ne ŝatas aŭtojn, fakte. Mi havas veturilon, ĉar estas tre oportune, sed mi ne ŝatas aŭtojn.”</p>

<p xml:id="e5637">La alta junulo nur silentas.</p>

<p xml:id="e5638">“Ne estas facile igi lin diri ion,” pensas Linda, iom zorge, sin demandante, ĉu estis saĝe enmiksi sin en tiun aventuron. Ŝi forte deziras lin paroligi, sed samtempe timas malkontentigi lin. Neniam estas facile trovi plene kontentigan manieron agi.</p>

<p xml:id="e5639">“Ĉu ĝenas vin, se mi parolas?” ŝi demandas, “vi eble estas silentema.”</p>

<p xml:id="e5640">“Mi havas zorgojn,” li respondas.</p>

<p xml:id="e5641">“Mi ne volas ĝeni vin. Estas jam tiel bonkore, ke vi min veturigas. Mi vere sentas grandegan dankemon al vi.”</p>

<p xml:id="e5642">“Ne dankinde,” li ripetas, kaj silentas plu, pripensema.</p>

</div>

<div type="chapitro">

<head xml:id="e5643">ĈAPITRO 12 (DEK DU)</head>

<p xml:id="e5644">Bob duone malfermas la okulojn, ilin refermas, ilin malfermetas denove, ilin refermas, ĝemas, kaj finfine malfermas ilin tute larĝe.</p>

<p xml:id="e5645">“Donu al mi ion por trinki,” li diras.</p>

<p xml:id="e5646">“Trinki? Kion vi deziras trinki?” demandas Tom.</p>

<p xml:id="e5647">“Ion ajn. Brandon. Donu al mi glason da brando.”</p>

<p xml:id="e5648">“Kiel vi sentas vin?” diras fraŭlino Marta, la flegistino.</p>

<p xml:id="e5649">“La kapo doloras,” Bob respondas ĝeme. “Mi petas vin, bonvolu doni al mi ion por trinki.”</p>

<p xml:id="e5650">“Ĉu vi bonvolas iri,” Tom petas la flegistinon, “kaj alporti al li glason da brando?”</p>

<p xml:id="e5651">La flegistino iom hezitas, sed fine kapjesas.</p>

<p xml:id="e5652">“Ĉu mi ankaŭ voku la policon?” ŝi diras. “Li ja ricevis baton, baton sufiĉe fortan, por ke li iĝu senkonscia. Laŭ mia opinio, tio pravigas, ke oni venigu la policon. Ĉu vi ne konsentas?”</p>

<p xml:id="e5653">“Ankaŭ akvon,” diras Bob, antaŭ ol Tom trovas la tempon respondi al Marta. “Mi tre soifas. Mi trinkos brandon plezure, sed unue mi trinku akvon. Bonvolu alporti al mi tre grandan glason da akvo kaj iom grandan glason da brando.”</p>

<p xml:id="e5654">“Jes. Estus saĝe voki la policon,” Tom respondas al la flegistino.</p>

<p xml:id="e5655">“Se vi ne alportos al mi ion por trinki, mi iros mem,” diras Bob. “Mi tre soifas. Vi ne povas imagi, kiom soifa mi min sentas. Mi tuj iros trinki akvon. Kaj poste mi iros aĉeti brandon. Ĉu oni povas ricevi brandon en la memserva restoracio?”</p>

<p xml:id="e5656">“Ne, tute ne,” Marta respondas, “sed mi havas brandon en mia ĉambro. Mi alportos ĝin al vi. Au venu mem, se vi povas. Ĉu vi povas stariĝi?”</p>

<p xml:id="e5657">“Mi povas,” diras Bob, tre malrapide stariĝante kun la helpo de Tom kaj de la flegistino, “kvankam dolore.”</p>

<p xml:id="e5658">Ili iras al ŝia ĉambro.</p>

<p xml:id="e5659">“Trinku tiom da akvo, kiom vi deziras, ” ŝi diras. “Kaj poste mi donos brandon al vi. Eksidu sur tiun seĝon, ĝi estas tre komforta, vi vidos.”</p>

<p xml:id="e5660">Bob sidiĝas sur la seĝon, iom ĝemas, kaj ricevas grandan glason da akvo kun videble grandega plezuro. “Doloras al mi la kapo,” li diras.</p>

<p xml:id="e5661">“Diru,” petas Tom, “kio okazis. Ĉu finfine vi klarigos al ni? Ni estas ege scivolaj.”</p>

<p xml:id="e5662">Bob pripensas iomete, trinkas iom da akvo, metas la manon al la kapo kun dolora esprimo survizaĝe, kaj fine respondas:</p>

<p xml:id="e5663">“Mi ne povus klarigi. Nenio estas klara. Mi estis tie apud Gerda. Mi aŭdis nenion, mi aŭdis neniun bruon. Kaj subite ĉio eksplodis en mia kapo kaj mi mortis.”</p>

</div>

<div type="chapitro">

<head xml:id="e5664">ĈAPITRO 13 (DEK TRI)</head>

<p xml:id="e5665">La vojo ŝajnas longa, kiam oni silentas la tutan tempon. Linda estas parolema; krome, ŝi deziras ricevi informojn pri sia stranga kunulo; ŝi do tute ne ŝatas tiun longan silentadon. Kial ne provi denove? Ŝi decidas, ke ŝi rekomencos paroli. Se li ne ŝatos, nu, li esprimos sian malŝaton, kaj ili plu veturos senvorte, kaj la vojo plu ŝajnos longega.</p>

<p xml:id="e5666">“Vi diris...,” ŝi komencas, ne sciante, kiel ŝi finos, sed feliĉe ideo tuj venas: “Vi diris, ke vi havas zorgojn. Nu, ofte oni sentas sin pli bone, kiam oni esprimas siajn zorgojn al iu.”</p>

<p xml:id="e5667">“Vi estas scivolema, ĉu ne? Nu, mi ne volas esti malafabla kun tiel bela knabino, kiel vi. Pardonu, se mi ne montras min pli amikiĝema. Sed miajn zorgojn mi ne povas klarigi.”</p>

<p xml:id="e5668">“Ĉu vi estas certa? Oni ofte imagas, ke afero estas neebla, ĉar oni ne scias, kiel komenci, sed...”</p>

<p xml:id="e5669">“Ne. Kiom koncernas min, ne estas tiel. Mi ne povas rakonti pri miaj zorgoj, ĉar ili koncernas personojn, pri kiuj mi ne rajtas paroli. Oni devas esti diskreta, ĉu ne? Ĉu vi ŝatus, ke viaj amikoj rakontu ĉion pri vi al nekonato?”</p>

<p xml:id="e5670">“Kompreneble ne. Mi bone komprenas vin. Fakte, mi ne estas speciale scivola. Mi komencis diri tion nur, ĉar mi trovis la silenton peza kaj la vojon pli kaj pli longa. Sed mi tute ne volus maldiskreti.”</p>

<p xml:id="e5671">“Estas fakto, ke oni kutime interparolas, kiam oni veturas kune. Mi verŝajne ne estis tre ĝentila, lasante tiun silenton daŭri kaj daŭri pli kaj pli peze por vi. Mi eĉ ne rimarkis, ke silento estiĝas kaj daŭras. Mi estis absorbita de miaj pensoj, de miaj zorgoj, kaj ankaŭ de la vojo. Oni devas atenti la vojon, kiam oni ŝoforas, ĉu ne? Strange, kvankam vi estas tre bela kaj sidas tuj apud mi, plej proksime al mi, mi tamen forgesis pri vi. Nur ekzistis por mi la vojo en miaj okuloj, kaj la zorgoj en mia kapo.”</p>

<p xml:id="e5672">“Ĉe mi okazis la malo. Mi daŭre pensis pri vi. Mi rimarkis, ke vi ne aspektas tre ĝoje. Vi ŝajnis malfeliĉa. Mi min demandis, ĉu mi povus helpi. Vi ja tre afable konsentis min veturigi. Mi sentas min danka. Mi volus redoni al vi similan servon. Mi opiniis, ke se mi helpas vin vortigi vian malĝojon, tio eble senpezigos vin, kaj mi estos kontenta agi helpe. Eble estas stulte, sed mi ĉiam deziras feliĉigi la homojn.”</p>

<p xml:id="e5673">“Vere, vi estas tre bonkora. Mi ege bedaŭras, ke mi ne povas jesi al via propono. Sed, kiel mi jam diris, miaj zorgoj koncernas aferojn, pri kiuj mi ne rajtas rakonti. Nu, jen ni alvenas. Kie vi deziras, ke mi lasu vin?”</p>

<p xml:id="e5674">“Kien precize vi iras? Kie vi haltos? Kie vi lasos la aŭton? Vi povus lasi min tie. Estos plej facile por vi.”</p>

<p xml:id="e5675">“Ĉiam scivola, ĉu ne? Vi ŝatus scii, kien mi iras,” li diras ridante, dum Linda sentas sin ruĝiĝi, ĉar similan rimarkon ŝi tute ne atendis. Dum momento, ŝi ne scias, kiel respondi. Ŝi sentas sin stulta.</p>

<p xml:id="e5676">“Tute ne,” ŝi fine diras, malvere. “Kien vi iras, tio tute ne interesas min. Mi proponis tion nur, ĉar tio ŝajnis plej facila. Sed se ĝenas vin, ke mi scios, vi povas lasi min ie ajn en la centro. Ekzemple ĉe la Internacia Hotelo, aŭ ĉe la Granda Teatro. Ĉiaokaze, mi treege dankas vin kaj mi facile trovos mian vojon. Jen. Tie ĉi estas perfekte. Koran dankon, kaj ĝis revido, kara sinjoro.”</p>

<p xml:id="e5677">“Ĝis revido, kara spionino!”</p>

<p xml:id="e5678">La aŭto forveturas, kaj Linda ne povas forturni la okulojn de ĝi. Kara spionino, vere! Kion li volis diri? Ĉu li suspektus? Nia kompatinda Linda ne scias, kion pensi.</p>

</div>

<div type="chapitro">

<head xml:id="e5679">ĈAPITRO 14 (DEK KVAR)</head>

<p xml:id="e5680">“Kie diable mi troviĝas?” diris al si Gerda, kiam ŝi vekiĝis. Ŝi kuŝis sur lito — sur malkomforta, tro mallarĝa lito — en ĉambro nekonata, en domo nekonata.</p>

<p xml:id="e5681">Mankis al ŝi forto, kaj ŝia tuta korpo iom doloris; ŝi estis laca, kvazaŭ ŝi estus laborinta multajn horojn sinsekve en la kampoj, kvazaŭ ŝi estus movinta pezajn rokojn kaj ŝtonojn dum multaj kaj multaj tagoj, sen eĉ horo da dormo, kvazaŭ ŝi estus marŝinta dum multaj kaj multaj semajnoj sur malfacila monta vojeto. Unuvorte, ŝi estis lacega, kaj ŝajnis al ŝi, ke ĉiuj muskoloj de ŝia korpo plendas pri troa laboro, nehome peza, nehome malfacila, nehome laciga.</p>

<p xml:id="e5682">Kaj tamen ŝi sciis, ke ŝi faris neniun korpan laboron; ŝi sentis sin malĝoja; ŝiaj okuloj malsekiĝis; ŝi ploris.</p>

<p xml:id="e5683">Ne estis multe da lumo en la ĉambro. Kvankam ŝi sentis sin tiel laca, tiel senforta, scivolo pri la situacio tamen superis ŝian deziron plu kuŝi. Ŝi sekigis siajn okulojn kaj ellitiĝis. Ŝi iris al la eta fenestro, esperante malfermi la dikajn fenestrokovrilojn, kiuj malhelpis la envenon de lumo. Ŝi ankaŭ esperis, ke ŝi vidos la sunon. Krome, estis tre varme en la ĉambro, kaj estus saĝe malfermi la fenestron por enlasi iom da pura aero. Sed ŝi ne sukcesis. Io malhelpis, ke tiu malnova fenestro moviĝu.</p>

<p xml:id="e5684">Ŝi iris al la pordo; ĝi estis ŝlosita, kaj ŝlosilo nenie videblis.</p>

<p xml:id="e5685">La ĉambro estis malbela, ne tre pura. Apud la muro staris tablo kaj seĝo. Ŝi sidiĝis sur la seĝon, metis la brakojn sur la tablon, la kapon en la manojn, kaj ploris. “Enŝlosita mi estas,” ŝi pensis. “Oni enŝlosis min!”</p>

<p xml:id="e5686">Antaŭe ŝi ne multe pensis pri la plezuro esti libera. Liberi estis io perfekte natura: ŝi iris, kien ŝi deziris, sen iu ajn malhelpo, kaj tiu libereco ŝajnis rajto evidenta. Kaj nun oni malliberigis ŝin malantaŭ ŝlosita pordo. Ŝi, kiu tiom ŝatis ĝoji, ridi, kanti, kiu tiom ŝatis ludi kaj promeni sub la suno, nun ne plu trovis en si la humuron, kiu tiom ofte helpis ŝin en la malfacilaj horoj de la vivo. Ŝi ne povis vidi la eksteran sunon, kaj same en ŝia koro ne plu lumis la kutima suno de ĝojo.</p>

<p xml:id="e5687">Kaj jen subite ŝi reagis: ŝi iris al la pordo kaj ĝin batis kun plej granda forto; ŝi faris timigan bruon, sed nenio okazis. Ŝi vokis pli kaj pli laŭte, kriis, kriegis, samtempe piedbatante la pordon, sed venis neniu respondo, neniu reago. Senespera, ŝi revenis al la lito kaj rekuŝiĝis, pli laca ol iam ajn. Dum multaj horoj ŝi restis tiel, kuŝe, kaj fine, tro laca, ŝi ekdormis.</p>

<p xml:id="e5688">Vekis ŝin infana voĉo; ĝi venis el iu alia ĉambro, en la sama domo, tute certe; ĝi diris: “Neniam diru nek al via patro nek al via patrino, ke ni venis en la forlasitan domon. Estas malpermesite ludi ĉi tie. Se ili scius...” Alia voĉeto respondis: “Mi neniam diros. Nek al mia patro, nek al mia patrino. Ne havu zorgojn. Neniam oni scios, ke ni venis ludi ĉi tie.”</p>

<p xml:id="e5689">Gerda diris: “Infanoj, ĉu vi aŭdas min?” Ŝia koro batis espere.</p>

<p xml:id="e5690">“Iu parolis,” sonis unu el la infanvoĉoj, sed aŭdeble la knabo ne parolis al Gerda, nur al sia kunulo. “Ĉu vi aŭdis?”</p>

<p xml:id="e5691">“Estis kvazaŭ voĉo de virino,” diris la alia.</p>

<p xml:id="e5692">“Infanoj, venu, helpu min, mi estas mallibera, oni ŝlosis la pordon, mi estas enŝlosita, venu, mi petas, mi petegas, liberigu min,” Gerda plu petegis. Sed la reago de la infanoj estis plej senkuraĝiga.</p>

<p xml:id="e5693">“Venu!” kriis unu. “Estas fantomo!”</p>

<p xml:id="e5694">“Vi pravas,” la dua respondis, “oni ĉiam rakontis pri fantomo en ĉi tiu forlasita domo. Fantomino, oni diris, kaj la voĉo estis ina. Ni rapide forkuru!”</p>

<p xml:id="e5695">“Mi timas,” ankoraŭ diris la unua, dum la bruoj klarigis al Gerda, ke la du knaboj forkuras kaj lasas ŝin sola, sola, sola...</p>

</div>

<div type="chapitro">

<head xml:id="e5696">ĈAPITRO 15 (DEK KVIN)</head>

<p xml:id="e5697">“Bonan matenon, ho plej bela, ĉu vi bone dormis?”</p>

<p xml:id="e5698">“Bonan matenon, Tom. Mi ne dormis tre multe. Kaj vi, ĉu vi dormis kontentige?”</p>

<p xml:id="e5699">“Perfekte, kara, perfekte. Sed diru do al via plej fidinda amiko, kial vi ne sufiĉe dormis.”</p>

<p xml:id="e5700">“Ĉu ne estas klare al vi? Mi tro pensis. Mi pensadis tutnokte pri ĉio, kio okazis hieraŭ.”</p>

<p xml:id="e5701">“Estas fakto, ke mi ne revidis vin hieraŭ, post kiam mi eliris kun Bob por okupiĝi pri Gerda. Ni lasis vin en la memserva restoracio kun la tasko observi la blondulon. Kiam mi revenis, vi estis for. Kien vi iris? Ĉu vi faros al mi precizan raporton?”</p>

<p xml:id="e5702">“Kun plezuro, sed ankaŭ vi raportos al mi poste, ĉu ne? Nu, mi veturis al la urbocentro kun tiu junulo. Mi rakontis al li, ke io fuŝa okazis al mia aŭto, kaj mi petis lin min veturigi. Li hezitis, sed fine decidis jese. Mi deziris lin paroligi, por ekscii pri li kiel eble plej multe, sed mi ne sukcesis. Ni diris unu al la alia nur tre banalajn aferojn.”</p>

<p xml:id="e5703">“Ĉu vi almenaŭ scias, kien li iris en la urbo, laŭ kiuj stratoj, al kiu domo?”</p>

<p xml:id="e5704">“Atendu. Mi rakontos ĉion. Por ke mia peto ŝajnu natura, mi petis lin lasi min en la centro. Li lasis min ĉe la dekstra flanko de la Granda Teatro, kaj li veturis plu. Mi ne sciis, kion fari. Mi promenis en la urbo, pensante, ke mia ideo ne estis tiel bona: mi eksciis nenion pri li, kaj troviĝis sen aŭto en la mezo de la urbo. Fakte, mi sentis min iom stulta. Mi promenis de strato al strato, provante elpensi planon, kaj jen subite mi vidas lin eliri el la poŝtoficejo. Mi estis nekredeble bonŝanca. Imagu! Se mi estus troviĝinta naz-al-naze kun li ĝuste kiam li eliris el la poŝt-oficejo...! Sed mi vidis lin sufiĉe frue por min kaŝi.”</p>

<p xml:id="e5705">“Feliĉe, ke vi vidis lin sufiĉe frue!”</p>

<p xml:id="e5706">“Kiel mi diris: mi estis bonŝanca, mi vidis lin ĝustatempe. Nu, li iris piede, kaj mi decidis lin sekvi. Ĉu vi konas tiun grandan magazenon, kiu vendas kvardek malsamajn specojn de pano kaj ĉiaspecajn ĉokoladojn kaj aliajn dolĉaĵojn? Sur la maldekstra flanko de la strato, kiu iras al la Ĉefa Sportocentro. Estas granda vendejo de mebloj apude. Nu, ne gravas, ĉu vi konas aŭ ne. Li eniris tiun panejon, aŭ tiun dolĉaĵvendejon, aŭ tiun... nu... tiun pan- kaj dolĉaĵvendejon, kaj eliris post minuto portante paperan sakon, kiu aspektis plenplena. Ŝajnis, ke li aĉetis la tutan magazenon. Mi devas diri, ke ili vendas tre bonajn aĵojn en tiu ejo. Mi, kiu tiom ŝatas ĉokoladon kaj dolĉaĵojn, ofte irus tien kaj aĉetus multon, se mi ne timus dikiĝi. Nu...e... kion mi rakontis?”</p>

<p xml:id="e5707">“Vi raportis pri via spiona sekvado, sed vi devojiĝis de la ĉefa vojo de via raporto al flankaj konsideroj pri pano kaj ĉokolado. Fakte, ĉu vi deziras iom pli da pano? Kion vi trinkas ĉi-matene? Teon, mi vidas. Ĉu vi ŝatus, ke mi replenigu vian tason?”</p>

<p xml:id="e5708">“Jes, dankon. Mi plezure trinkos plian tason da teo. Dankon, Tom, kara. Nu, do...”</p>

</div>

<div type="chapitro">

<head xml:id="e5709">ĈAPITRO 16 (DEK SES)</head>

<p xml:id="e5710">“Kie mi estis en mia raporto? Ha jes! Mi memoras. Li eliris el tiu vendejo kun papera sako plena je dolĉaĵoj.”</p>

<p xml:id="e5711">“Eble estis ĉefe pano.”</p>

<p xml:id="e5712">“Prave, eble pano. Ĉiaokaze, jen mi ekvidis lian aŭton, kiu staris flanke de la strato. Mi pensis: nun li forveturos aŭte, kaj mi ne plu povos sekvi lin. Sed ne. Li nur iris porti tiun sakon al la aŭto, ĝin metis en ĝin, reŝlosis la aŭtopordon, kaj plu piediris. Nur tiam mi havis la ideon noti la numeron de lia aŭta numerplato. Mi do eksekvis lin plu. Li paŝis sur la dekstra flanko de la strato, kaj mi sekvis iom malproksime sur la maldekstra flanko.”</p>

<p xml:id="e5713">“Ĉu li rimarkis, ke vi lin sekvas?”</p>

<p xml:id="e5714">“Certe ne. Subite, li eniris restoracion. Mi hezitis: ĉu ankaŭ mi eniru? Au ĉu mi tro riskos, ke li vidos kaj rekonos min? Unuflanke, mi deziris spioni lin. Aliflanke, la risko, ke li rekonos min, estis reala, kaj min ĝenis. Dum mi staris tie hezitante, eniris la restoracion grupo da soldatoj, eble ok aŭ naŭ, junaj viroj, kiuj militservis, videble. Dum ili eniris kaj la pordo estis malfermita, mi vidis, ke la restoracio estas granda kaj plena je homoj. Mi sekvis la ok aŭ naŭ soldatojn kaj trovis sidlokon ne tre videblan de la loko, kie mia blondulo ĵus eksidis.”</p>

<p xml:id="e5715">“Li do estas <hi>via</hi> blondulo, ĉu?”</p>

<p xml:id="e5716">“Ne parolu malsaĝe. Vi perfekte scias, kion mi volas diri. Estis turka aŭ pseŭdoturka restoracio, kun stranga muziko kaj strangaj vestaĵoj. La kelneroj estis vestitaj per t.n. (=tiel nomataj) naciaj vestoj multkoloraj. Mi manĝis bonegan supon, sed poste ion, pri kio mi ankoraŭ nun min demandas, ĉu estis pecoj el hundo aŭ kato. Certe ne estis kokidaĵo, sed krom tio mi havas neniun certecon. Ankaŭ la salato estis tre bona, sed la kuko estis treege dolĉa, tro dolĉa por mi, kaj same la turka kafo; ĝi estis nekredeble plena je sukero, kaj mi manĝis tiom da kafpulvoro, kiom mi trinkis da kafo.”</p>

<p xml:id="e5717">“Mi miras pri la grava loko, kiun konsideroj pri manĝo kaj trinko okupas en via spionraporto. Mi atendis aventurojn, sed venas ĉefe menuoj.”</p>

<p xml:id="e5718">“Ne ridu pri mi, aŭ mi ne daŭrigos la rakonton. Okazis io. Du el la soldatoj estis furiozaj, ĉar la kelnero ne volis porti al ili bieron. Ili faris bruegon, kriegis, kriaĉis, la aliaj provis ilin silentigi, kaj finfine speco de milito komenciĝis inter ili. Ili ekbatis unu la alian kun rimarkinda forto. Subite, jen unu telero flugis tra la aero, poste du, tri, kvar, kvin aliaj teleroj, unu taso eĉ flugis ĝis la plafono...”</p>

<p xml:id="e5719">“Kia ĝojo! Kia plezuro! Kiajn perfektajn amikojn vi trovis!”</p>

<p xml:id="e5720">“Ĉefe, kia bruo! Ŝajnis, ke ili rompas mil glasojn samtempe, dum cent viroj kune kriaĉas, kaj dek muzikistoj provas kune superi la bruon de la telera milito.”</p>

<p xml:id="e5721">“Tre bela atmosfero, ĉu ne? Mi gratulas vin. Estis kuraĝe resti tie.”</p>

<p xml:id="e5722">“Jes. Kia vivo! Cetere, mi estas kuraĝa, ĉu vi neniam rimarkis?”</p>

<p xml:id="e5723">“Mi ne konas vin sufiĉe, sed via kuraĝo ne mirigas min. Bela, kuraĝa, riskema, aventurema, bonkora: vi estas la perfekta virino. Sed pri via perfekteco ni havos aliajn okazojn paroli. Kio okazis post la telera, glasa kaj turkakafa milito?”</p>

<p xml:id="e5724">“Mi rimarkis tre bedaŭrindan aferon, nome, ke la blondulo ne plu troviĝas en la restoracio. Li certe foriris, dum mi tiom interesiĝis pri la intersoldata milito. Mi vere bedaŭras mian mankon de observemo. Sed kion fari? Bedaŭri ne helpas, Mi fuŝis mian taskon. Mi provos ne fuŝi ĝin alifoje.”</p>

<p xml:id="e5725">“Nu, prave, estas tre bedaŭrinda afero. Eĉ se nur ĉar ĝi montras, ke vi tamen ne estas plene perfekta. Sed mi almenaŭ ĝojas pri unu afero: vi fakte ne tiom interesiĝis pri <hi>via</hi> blondulo. Do eble vi pravas, eble li ne estas <hi>via</hi> blondulo, eble vi tamen preferas vian karan brunharan amikon Tom.”</p>

<p xml:id="e5726">“Eble, eble. Sed ĉu vi vere scias, kial mi forturnis miajn okulojn de tiu blondulo, kvankam mi antaŭe decidis plej multe informiĝi pri li?”</p>

<p xml:id="e5727">“Nu, verŝajne ĉar...”</p>

<p xml:id="e5728">“Ĉar unu el tiuj junaj soldatoj estis tiel bela viro!”</p>

</div>

<div type="chapitro">

<head xml:id="e5729">ĈAPITRO 17 (DEK SEP)</head>

<p xml:id="e5730">“Sed kial, kial, kial?” diris la policano preskaŭ krie al sia edzino, kiu estis lia plej helpema kunlaboranto. “Diru al mi kial, kaj mi solvos la problemon. Oni ne kaptas homon por la simpla plezuro travivi aventuron! Ŝi ne estas riĉa. Ne kun la espero ricevi monon ili ŝin kaptis. Ŝi ĉiam vivis plej trankvilan, honestan vivon. Do, ne ĉar ŝi enmiksis sin en iun kriman agadon ili ŝin kaptis. Pro kio do? Por kio?”</p>

<p xml:id="e5731">“Ŝi instruas, vi diris al mi. Kion do ŝi instruas? Kio estas ŝia fako?”</p>

<p xml:id="e5732">“Ŝi instruas historion, sed ŝi estas specialisto pri la sekretaj lingvoj de la deksepa kaj dekoka jarcentoj.”</p>

<p xml:id="e5733">“Pro tio verŝajne ŝi malaperis, sed ni ne trovos la motivon uzante nur nian imagon. Ni prefere uzu la faktojn. Ni provu kunmeti ilin, rekunmeti la sinsekvon de la okazaĵoj. Kiel la afero komenciĝis?”</p>

<p xml:id="e5734">“Ni ne scias multon. Mi raportu jene. Du gestudentoj — Tom kaj Linda — rimarkis, ke alta blondulo metas ion en la tason de Gerda. Ili rimarkis pro lia kaŝa, ŝtela maniero agi. Iom poste, Gerda eliras el la memserva restoracio tra la pordo koridora. Tuj poste aŭdiĝas bruo, kvazaŭ iu falus. Bob, kiu aliĝis al Tom kaj Linda intertempe, eliras kune kun Tom. Ili trovas Gerdan en la koridoro: ŝi kuŝas senkonscia. Tom foriras serĉe al helpo, dum Bob gardas la junan profesorinon. Kiam Tom revenas kun la flegistino, Gerda malaperis, sed ĉi-foje Bob estas senkonscia, batita al-kape. Intertempe la blondulo eliris tra la alia pordo de la memserva restoracio, kaj sekvis Linda. Ŝi sukcesas kunveturi en lia aŭto, sed ne sukcesas igi lin diri ion helpan. Tamen ŝi notas la numeron, markon kaj tipon de la aŭto...”</p>

<p xml:id="e5735">“Ĉu la aŭto estis lia? Ĉu ne estis ŝtelita veturilo?”</p>

<p xml:id="e5736">“Ne. Verŝajne li ne suspektis, ke iu suspektos ion. Kiam ŝi petis, ke li veturigu ŝin, tio al li ne plaĉis, sed li verŝajne opiniis, ke estos eĉ pli suspekte malakcepti ŝin.”</p>

<p xml:id="e5737">“Vi do scias, kiu li estas, ĉu ne?”</p>

<p xml:id="e5738">“Jes, ni kontrolis. Estas la frato de fraŭlino Marta, unu el la universitataj flegistinoj, tiu, kiun Tom venigis.”</p>

<p xml:id="e5739">“Interese! Plej interese! La gefratoj eble kunlaboras en iu malhonesta agado. Kion ili respondas al via demandado pri tiuj strangaj okazaĵoj?”</p>

<p xml:id="e5740">“La flegistino nur rediras la samon, kiel Tom. Kaj la blondulon ni ankoraŭ ne pridemandis.”</p>

<p xml:id="e5741">“Kial?”</p>

<p xml:id="e5742">“Por ke li ne suspektu, ke ni suspektas lin. Li estas nia sola ŝanco retrovi Gerdan. Bedaŭrinde, en la lastaj tagoj, li vivas plej normalan vivon, iris al neniu speciala loko, faris nenion atentindan. Eble li ludis sian rolon kaj ĝin finis. La aliaj — tiuj, kiuj forkuris kun Gerda, kiam Bob, kiu gardis ŝin, estis senkonsciigita — certe estas la gravuloj. Ili devas ekzisti, ĉar nek la alta blondulo, nek lia fratino Marta povis forporti Gerdan. Se evidentiĝos, ke la tasko de la blondulo estis nur faligi ian dormigan substancon en la trinkaĵon de Gerda, ni lin pridemandos. Ni ĝis nun esperis, ke li kondukos nin al la malaperinta belulino. Sed pli kaj pli ŝajnas, ke tio ne okazos.”</p>

</div>

<div type="chapitro">

<head xml:id="e5743">ĈAPITRO 18 (DEK OK)</head>

<p xml:id="e5744">“Via situacio ne plaĉas al vi, ĉu? Vi dezirus ŝanĝi ĝin, ĉu ne? Nu, estas facile ŝanĝi vian situacion.”</p>

<p xml:id="e5745">“Vi ŝatus manĝi ion, ĉu ne? Pecon da pano vi deziras, tute certe. Au ĉu frukton? Jen, rigardu, mi havas pomon kaj oranĝon por vi. Kiel belaj ili estas! Plenaj je suko, evidente. Se vi estus konsentinta labori por ni, vi jam estus plene sata. Kaj jen io alia: kuko. Ĉu ne bonega, belega, manĝinda kuko? Ankoraŭ varma, ĵus bakita. Tuŝu, sentu mem, kiel plaĉe varmeta ĝi estas. Vi malsatas nur pro via stulteco. Se vi estus saĝa, vi konsentus fari la etan laboron, kiun mi petas de vi, kaj vi tuj ricevus la manĝaĵojn. Mi bedaŭras, ke vi estas tiel obstina. Estas bedaŭrinde, vidi tiel belan knabinon suferi pro malsato. Mi sincere bedaŭras vian obstinecon. Nur eta “jes”, kaj ĉio ĉi estos via.”</p>

<p xml:id="e5746">Li ŝajnigas sin afabla, sed estas io tre aĉa en lia vizaĝa esprimo. Gerda sentas sin pli kaj pli malforta. Estas varme en ĉi tiu ĉambraĉo, kio ne estas facile elportebla. Krome, ŝi malsatas, kaj la vido de tiu pomo kaj de tiu oranĝo estas vere suferiga. Kaj tamen ŝia devo estas diri “ne”.</p>

<p xml:id="e5747">“Ĉu vi legis la dokumenton, ĉu vi komprenis ĝin?” li aldonas, kvazaŭ espere.</p>

<p xml:id="e5748">Kompreneble ŝi legis: ŝi estis scivola. Almenaŭ ŝi bezonis scii, kial oni ŝin kaptis kaj senigis je libereco. Tial ŝi legis. Estis malfacile kompreni, komence, sed iom post iom ŝia memoro plene revenis, ŝi rememoris la principojn de tiu sekreta lingvo, kaj ŝi sukcesis kompreni ĉion; ŝi havis nenion alian por fari. Dum multaj horoj ŝi estis sola kun tiu dokumento, kiun ili lasis al ŝi. Sed ŝi decidis neniam respondi al ili; ŝi ja antaŭ longe promesis al Profesoro Kosadi, ke pri tio ŝi ĉiam silentos. Neniam ŝi ŝanĝos sian decidon.</p>

<p xml:id="e5749">“Ĉu vi legis la dokumenton?” sonas duan fojon la aĉa voĉo.</p>

<p xml:id="e5750">Ŝi plu silentas, kaj li eliras, furioza. Li eliras kun la pano, la pomo, la oranĝo kaj la kuko. Feliĉe, ke almenaŭ ili lasis al ŝi akvon, varmaĉan akvon, jes ja, apenaŭ trinkeblan, certe, preskaŭ ne sensoifigan, prave, sed tamen akvo. Malsaton eblas pli malpli elporti, sed soifon ne.</p>

<p xml:id="e5751">Minutoj pasas. Multaj minutoj. Unu horo, du horoj, ĉu tri horoj? Ĉu multaj horoj? Kiel scii? Ne estas horloĝo sur la muro, kaj ili prenis ŝian brakhorloĝon. La lumo apenaŭ ŝanĝiĝas en la ĉambro, pro la nemoveblaj fenestro-kovriloj. Ĉu estas frue, ĉu estas malfrue, ŝi tute ne povas scii. Tago, nokto, mateno, vespero ĉi tie estas samaj. Sunlumo neniam envenas.</p>

<p xml:id="e5752">Kaj jen la aĉulo revenas, kun radio-kaj-kased-aparato. Li enmetas kasedon, kaj irigas la aparaton. Eta, plenda plorema voĉeto aŭdiĝas, kaj ŝiras la koron de Gerda:</p>

<p xml:id="e5753">“Patrino, patrineto mia, mi petegas vin. Faru, kion ili volas. Ili kaptis min. Mi ne scias, kie mi estas. Estas terure. Mi timas. Mi tiom deziras reiri hejmen. Mi petegas vin, faru tion, kion ili deziras. Se ne, ili faros malbonon al mi. Ili ne diris, kion. Ili ne volas diri. Sed mi scias, mi sentas, ke estos terure. Kompatu min, kara, kara patrino. Kompatu vian filinon. Mi timegas. Rapidu, rapidu, ke plej frue ili liberigu min. Ili ne volas, ke mi parolu pli longe, sed mi havas paperon kaj plumon, kaj mi tuj skribos leteron al vi. Mi nur petegas: obeu ilin!”</p>

<p xml:id="e5754">“Jen la letero,” li kriaĉas, kaj post ridaĉo li aldonas:</p>

<p xml:id="e5755">“Nu, tio verŝajne sufiĉos. Mi revenos post iom da tempo. Mi estas certa, ke vi iĝos saĝa, finfine. Kaj jen. Prenu ĉi tion, ĝi helpos vin pensadi.” Kaj tion dirante, li ĵetas al ŝi belegan pomon. Gerda sentas sin, kvazaŭ Eva ĉe l’ serpento.</p>

</div>

<div type="chapitro">

<head xml:id="e5756">ĈAPITRO 19 (DEK NAŬ)</head>

<sp>

<speaker xml:id="e5757">Petro:</speaker>

<p xml:id="e5758">Eble ni forkuris tro rapide. Ĉu vere fantomoj ekzistas?</p>

</sp>

<sp>

<speaker xml:id="e5759">Ralf:</speaker>

<p xml:id="e5760">Ĉu vi volas raporti pri la voĉo al viaj gepatroj? Se jes, vi ne plu estas mia amiko. Se ili scios, ke ni ludis en la malpermesita domaĉo, vi...</p>

</sp>

<sp>

<speaker xml:id="e5761">Petro:</speaker>

<p xml:id="e5762">Ne. Mi tute ne volas diri al la gepatroj, ke ni ludis tie. Tio estas nia sekreto. Mi nur v...</p>

</sp>

<sp>

<speaker xml:id="e5763">Ralf:</speaker>

<p xml:id="e5764">Jes. Sekreto kunigas la amikojn. Se vi gardos la sekreton, vi restos mia amiko. Sed se vi malkaŝos ĝin al granduloj, mi... mi... mi suferigos vin, mi igos vin plori tiel grave, ke neniam plu en via tuta vivo vi forgesos tiun tagon. Kredu min, en via tuta vivo, tio estos la lasta fojo, kiam vi rompis promeson. Kio? Ĉu tio igas vin ridi?</p>

</sp>

<sp>

<speaker xml:id="e5765">Petro:</speaker>

<p xml:id="e5766">Mi ne ridas, mi nur v...</p>

</sp>

<sp>

<speaker xml:id="e5767">Ralf:</speaker>

<p xml:id="e5768">Ankaŭ mi ne ridas. Mi parolas plej serioze. Oni ne ridas pri veraj danĝeroj, ĉu? Kaj se vi...</p>

</sp>

<sp>

<speaker xml:id="e5769">Petro:</speaker>

<p xml:id="e5770">Sed mi tute ne volas diri ion al la gepatroj. Mi nur...</p>

</sp>

<sp>

<speaker xml:id="e5771">Ralf:</speaker>

<p xml:id="e5772">Kaj se vi rakontos ĝin en la lernejo, ne estos pli bone por vi. Mi plorigos vin tute same. Mi malpurigos viajn vestojn, kaj via patrino krios furioze kiam vi revenos hejmen. Mi kuŝigos vin en akvo kaj sidos sur via kapo. Mi kaptos vin per mia speciala kaptilo kaj veturigos vin en la montaron kaj forlasos vin tie, kaj vi estos tute sola kaj perdita, kaj vi ploros. Vi...</p>

</sp>

<sp>

<speaker xml:id="e5773">Petro:</speaker>

<p xml:id="e5774">Vi eĉ ne scias ŝofori. Mi ne kredas je via kaptilo. Kaj cetere, mi nur...</p>

</sp>

<sp>

<speaker xml:id="e5775">Ralf:</speaker>

<p xml:id="e5776">Jes, mi scias ŝofori.</p>

</sp>

<sp>

<speaker xml:id="e5777">Petro:</speaker>

<p xml:id="e5778">Vi ne rajtas ŝofori ĉar vi estas tro juna. Kaj vi ne havas aŭton.</p>

</sp>

<sp>

<speaker xml:id="e5779">Ralf:</speaker>

<p xml:id="e5780">Mi ne zorgas pri tio, ĉu mi rajtas aŭ ne. Se mi farus nur tion, kion mi rajtas fari, mi farus nenion. Mi ŝtelos iun veturilon, jes, mi ŝtelos veturilon de iu instruisto en la lernejo kaj veturigos vin sur monton kaj lasos vin tie kaj vi ploros. Se vi parolos al iu el niaj samklasanoj aŭ samlernejanoj, la tuta lernejo ekscios pri la virino el la malnova domaĉo, kaj poste la gepatroj...</p>

</sp>

<sp>

<speaker xml:id="e5781">Petro:</speaker>

<p xml:id="e5782">Vi diris “virino”, do vi ne kredas, ke estas fantomo. Vi do konsentas, ke...</p>

</sp>

<sp>

<speaker xml:id="e5783">Ralf:</speaker>

<p xml:id="e5784">Kompreneble mi ne kredas je fantomoj. La virino, kiun ni aŭdis, estas virino, kiun mi kaptis kaj gardas tie. Mi planas igi ŝin mia servistino: ŝi faros ĉion, kion mi volos. Kaj se vi parolos pri ŝi... Nu, mi ne volas paroli pri tio, kio okazos al vi, ĉar vi tro timus...</p>

</sp>

</div>

<div type="chapitro">

<head xml:id="e5785">ĈAPITRO 20 (DUDEK)</head>

<p xml:id="e5786">Paŝoj. Oni paŝas sur la strato. Gerda aŭskultas atente; ŝi antaŭsentas, ke io grava baldaŭ okazos. Bruo de multaj homoj. Ili venas. Ili ŝajnas multaj, laŭ la bruo: ĉu nun oni venos grupe por ŝin suferigi? Ŝlosiloj. Bruo de ŝlosiloj trans la pordo. Iu enmetas ŝlosilon en la seruron. Ŝi scias, ke ne estas ŝia kutima vizitanto. Li ne agas tiel. Li enmetas tre rapide la ŝlosilon, ĝin turnas, eniras. Ne ĉi tiu. Li provas unu fojon. Ne sukcesas. Plia bruo de ŝlosiloj. Alian fojon li provas, sen pli da sukceso. Li provas ree kaj ree per diversaj ŝlosiloj. Aŭdeblas, ke li ne konas la seruron. Kiam li enmetis ŝlosilon, li tenas ĝin laŭ diversaj direktoj, kvazaŭ li ludus per ĝi, verŝajne ĉar li esploras nekonatan seruron.</p>

<p xml:id="e5787">Kaj jen li fine sukcesas! Li eniras.</p>

<p xml:id="e5788">“Polico!” li diras, kaj Gerda devas superi fortan emon salti al li por lin kisi. Estas alta viro, maldika, kun nigraj haroj kaj verdaj okuloj, kiu sin tenas tre digne.</p>

<p xml:id="e5789">Post li venas aliaj homoj, multe pli junaj. Ŝi jam vidis tiujn vizaĝojn. Studentoj ili estas. Ilia sinteno estas tute malsama: senstreĉa.</p>

<p xml:id="e5790">“Tiuj gejunuloj multe helpis min,” la policano klarigas. “Ni ne estas sufiĉe multaj en la polico por ĉion fari, kaj ilia helpo estis tre bonvena.” Kaj li prezentas ilin: Tom, Bob, Linda. Kiam ŝi aŭdis la paŝojn, Gerda imagis, ke venas sep, ok, eble naŭ homoj, sed almenaŭ ses; fakte, ili estas nur kvar.</p>

<p xml:id="e5791">“Mia filino...?” ŝi demandas, kaj ŝi apenaŭ povas eligi la du vortojn, tiom ŝi timas la respondon.</p>

<p xml:id="e5792">“Savita: ŝi nun estas en via hejmo, kun via edzo. Viaj kaptintoj estas amatoroj, kiuj agis fuŝe. La etulino estis ĉe la onklino de tiu f-ino (=fraŭlino) Marta, la universitata flegistino. Ni facile trovis ŝin. Ŝi tre ĝojis revidi la patron, kaj la hejmon, kompreneble.”</p>

<p xml:id="e5793">“Ho, mi dankas, mi dankegas vin. Via diro ŝanĝas mian tutan vivon. Sed diru: kiel vi alvenis ĉi tien? Kiel vi malkovris, ke ili tenas min enŝlosita en ĉi tiu domaĉo?”</p>

<p xml:id="e5794">“Du knaboj rakontis pri voĉo en ĉi tiu malnova, forlasita domo. Dank’ al ili... Sed nun rakontu <hi>vi</hi>. Kion viaj kaptintoj celas? Kio estas ilia celo? Kial vin teni mallibera?”</p>

<p xml:id="e5795">“Ili volas, ke mi traduku malnovan dokumenton. Mi malkonsentis. Tiam ili opiniis, ke perforte ili sukcesos. Ili preskaŭ sukcesis. Per malsato, unue, kaj poste per la mesaĝo de mia filino. La malsato ne estis facile elportebla, kredu min, sed la mesaĝo sur-kaseda...! Fakte mi terure malsatas nun. Mi petas, ĉu iu el vi bonvolus iri aĉeti manĝaĵon por mi? Io ajn estos bonvena.”</p>

<p xml:id="e5796">Linda foriras por aĉeti manĝaĵojn.</p>

<p xml:id="e5797">“Vi rakontos al mi, ĉion, senmanke,” ŝi diras al la du knaboj elirante.</p>

<p xml:id="e5798">Gerda raportas pri la dokumento; ŝi tenas ĝin enmane kaj tradukas, vorton post vorto; krome, ŝi donas ĉiujn necesajn klarigojn.</p>

<p xml:id="e5799">La policano kapjesas komprene. Gerda klarigas al li ankoraŭ pli pri la kondiĉoj de sia mallibereco. Kaj jen la policano havas ideon.</p>

<p xml:id="e5800">“Bob, ĉu vi konsentus kaŝi vin sub la lito, se iu envenus?”</p>

<p xml:id="e5801">“Kial?”</p>

<p xml:id="e5802">“Mi havas planon. Mi ŝatus, ke ni ĉiuj foriru, krom vi kaj Gerda, kaj ke ŝi diru al la kaptinto, ke ŝi konsentas klarigi al li, kio estas skribita sur tiu papero, mi volas diri: sur tiu malnova dokumento. Ili tiam agos laŭ la dokumento, kaj ni kaptos ilin tiom pli facile. Sed tamen, ni ne rajtas riski, ke Gerda suferu. Kiu scias? Kiam ŝi ne plu estos necesa por ili, ili povus... Nu, vi komprenas. Vi restos ĉi tie, kaj kiam vi aŭdos paŝojn proksimiĝi, vi kaŝos vin sub la lito, kaj bone atentos ĉion, kio okazas. Gerda diris, ke ĉiam venas nur unu persono, unu viro, maldika ulo, ne tre forta. Fortulo kiel vi tuj superos lin, se necese.”</p>

<p xml:id="e5803">Bob konsentas, kvankam, se diri la veron, kun iom duba esprimo.</p>

</div>

<div type="chapitro">

<head xml:id="e5804">ĈAPITRO 21 (DUDEK UNU)</head>

<p xml:id="e5805">Gerda sentas sin pli bone. Ŝi ĵus finis manĝi. Foriris Linda, Tom kaj la policano. Ŝi parolas kun Bob, tre mallaŭte. Ili ja devas atenti, ĉu iu proksimiĝas aŭ ne. Feliĉe, eĉ sen speciale aŭskulti, ŝi ĉiam bone aŭdis, sufiĉe frue, kiam la aĉulo venas. Bob plaĉas al ŝi. Li estas granda kaj forta, kun esprimo de bonkora, sindonema hundo.</p>

<p xml:id="e5806">Ili parolas pri siaj vivoj, pri la lastaj okazaĵoj. Kiam ŝi parolas pri sia edzo, lia vizaĝo ŝanĝiĝas, alprenas iom malĝojan esprimon. Ĉu li enamiĝus al ŝi?</p>

<p xml:id="e5807">Kaj jen aŭdiĝas paŝoj. Bob saltas sub la liton, provas rapide trovi ne tro malkomfortan pozicion sub la lito. “Ne brui,” li diras al si, “plej grave, plej necese estas ne brui!”</p>

<p xml:id="e5808">Envenas la gardanto, la aĉa malgrasulo, kiu, per siaj vortoj pri manĝo, tiom suferigis Gerdan. Sed ĉi-foje ŝi povos kontentigi lin. Kia plezuro!</p>

<p xml:id="e5809">“Mi konsentas,” krias Gerda, kiam la maldika aĉulo malfermas la pordon. “Mi akceptas vian proponon. Mi ne plu elportas. Mi tradukos vian aĉan paperon. Liberigu mian filinon, kaj donu al mi manĝi, mi petas.”</p>

<p xml:id="e5810">“Jen,” simple diras la maldikuleto, kaj li elprenas el sako panon, kolbason, kukon, fruktojn, ĉokoladon, kaj eĉ botelon da lakto. Gerda manĝas silente; ŝi povus manĝi eĉ pli, kvankam ŝi ĵus iom manĝis. Bob, aŭdante la manĝobruon, pli kaj pli malsatas, sed kion li povus fari?</p>

<p xml:id="e5811">“Nu, bonvolu klarigi al mi, kio estas skribita sur tiu malnova papero,” la vizitanto diras.</p>

<p xml:id="e5812">Kaj Gerda klarigas. Ŝi rakontas, ke temas pri la trezoro de la Lumoserĉantoj. La Lumoserĉantoj estis sekreta societo, kiu naskiĝis en la dekkvina jarcento kaj daŭris, jen forta, jen malforta, laŭ la epokoj, ĝis la mezo de la dekoka jarcento. Ĝi havis membrojn en tre multaj landoj, en popoloj plej malsamaj. Katolikoj, protestantoj, ortodoksuloj, judoj, islamanoj, budhanoj kaj aliaj estis membroj de tiu internacia aŭ supernacia societo. Ilia celo estis sekrete labori por la unuigo de la mondo, de la popoloj, por la harmoniigo de la religioj, kaj por ke la malsamaj tradicioj interkompreniĝu. Ili estis morala kaj filozofia elito. Ili estis elpensintaj sekretan lingvon, kiu ebligis al ili komuniki, el kiu ajn lando aŭ popolo ili estis. La ŝtatoj, kiam ili malkovris la ekziston de la Lumoserĉantoj, ektimis tiujn homojn, miskomprenis iliajn celojn, kaj ilin persekutis. Inter la Lumoserĉantoj, tre riĉaj homoj troviĝis. Tial, laŭ diversaj malnovaj dokumentoj, ilia trezoro estas multvalora.</p>

<p xml:id="e5813">Tiu ĉi papero estas fotokopio de dokumento, kiu tre precize indikas, kie oni kaŝis la trezoron.</p>

<p xml:id="e5814">Gerda klarigas, tradukas, kaj la viro notas ĉiun detalon sur etan notlibron. Kiam ŝi finis, li diras:</p>

<p xml:id="e5815">“Dankon. Nun ni havas, kion ni deziris. Mi foriras. Mi lasas vin tie ĉi. Ni decidos poste, kion ni faros el vi. Adiaŭ, belulino, adiaŭ.”</p>

<p xml:id="e5816">Nur post kiam la pordo fermiĝis kaj la bruo de la paŝoj forsvenis, aŭdiĝas de sub la lito voĉo, kiu diras:</p>

<p xml:id="e5817">“Ĉu vi lasis al mi iom de tiu kuko?”</p>

</div>

<div type="chapitro">

<head xml:id="e5818">ĈAPITRO 22 (DUDEK DU)</head>

<p xml:id="e5819">Baldaŭ venis la policanoj, por ilin liberigi. Gerda reiris hejmen, al siaj filino kaj edzo. Sed Bob rapidis al la flughaveno. Li volis ĉeesti kun Linda kaj Tom, kiam la policano arestos la kaptintojn de Gerda.</p>

<p xml:id="e5820">Estis sufiĉe multekosta vojaĝo, sed la familio de Gerda — riĉa familio — pagis por ili la bileton, tiel esprimante sian dankemon.</p>

<p xml:id="e5821">Ĉar la policano kaj la gejunuloj sciis pli frue ol la ŝtelistoj, kie troviĝas la trezoro, ili havis multe da tempo por prepari sin. Ili ne dubis, ke la aliaj venos kiel eble plej baldaŭ, kaj ke la tuta bando venos. Kutime tiaj homoj ne fidas sin reciproke, kaj volas kune ĉeesti por certiĝi, ke neniu kaŝos por si parton de la trovaĵo.</p>

<p xml:id="e5822">La loko indikita troviĝis ĉe la piedo de monto, en kaverno, kie, videble, neniu paŝis jam de jaroj.</p>

<p xml:id="e5823">“Feliĉe, ke ili ne kaŝis tiun trezoron trans la maro, ekzemple sur insulo, kien nur per ŝipo oni povas iri. Se estis vere internacia societo, kiel Gerda diris, tio estis ebla, ĉu ne?” Tiel parolis Linda.</p>

<p xml:id="e5824">“Vi pravas,” diris Tom. “Mi tute ne ŝatus vojaĝi ŝipe. La maro ĉiam igas min malsana. Mi ŝatas rigardi la maron, resti ĉe la maro, libertempi apud la maro, sed ne vojaĝi per ŝipo sur ĝi: ŝipoj konstante dancas sur la maro, kaj ilia danco tute ne plaĉas al mi. Feliĉe, ke hodiaŭ oni povas iri preskaŭ ien ajn aviadile. Aviadiloj preskaŭ tute ne dancas. Sed eĉ aviadiloj nur duone plaĉas al mi. Plej multe mi preferas, kiam mi veturas sur tero, sur bona firma tero. Mi bezonas sub mi ion pli firman ol akvo kaj aero. Plej plaĉe estas promeni piede sur bona tera vojo. Mi...”</p>

<p xml:id="e5825">Sed Linda interrompis lian paroladon, iom strangan en tiuj kondiĉoj, en kiuj ili troviĝis:</p>

<p xml:id="e5826">“Kiam alvenos la trezor-serĉantoj, laŭ via opinio?” ŝi demandis la policanon.</p>

<p xml:id="e5827">“Morgaŭ, tute certe. Ili ne povus alveni hodiaŭ, ĉar ne plu estis aviadilo post la nia, kaj aŭte ili bezonus la tutan nokton. Verŝajne Bob flugos en la sama aviadilo.”</p>

<p xml:id="e5828">La temperaturo estis plaĉa, kaj bela la vetero. Ili starigis sian tendon en la proksimeco, tamen bone prizorgante, ke ĝi ne estu videbla por alvenantoj. La sola maniero, laŭ kiu la trezorserĉantoj povus alveni antaŭ la morgaŭa tago, estus, ke ili flugu per malgranda aviadilo, speciale luita. Sed lui specialan aviadilon kostas tiel multe, ke plej verŝajne ili ne uzos tiun rimedon.</p>

<p xml:id="e5829">La sekvantan matenon, niaj amikoj vekiĝis frue. Tuj la policano kaj la gestudentoj aranĝis, ke ĉiu el ili, unu post la alia, gardostaros en loko, de kie eblas facile observi la solan vojon — aŭ pli ĝuste vojaĉon — laŭ kiu oni povas proksimiĝi al la kaverno, kaj ke ĉiu havos en la kaverno sian difinitan kaŝejon.</p>

<p xml:id="e5830">Post tri horoj da atendado, io fine okazis. Linda, kiu gardostaris en la iom alta observejo, faris la deciditan signalon, kaj rapide kuris de supre al siaj kunuloj.</p>

<p xml:id="e5831">“Aŭto alvenas!” ŝi kriis.</p>

<p xml:id="e5832">En tiu ege soleca regiono, kiu povus veni aŭte per tiu tera vojaĉo, se ne la trezorserĉantoj? La tri atendantoj sin kaŝis, ĉiu en sia difinita loko, malantaŭ rokoj, da kiuj oportune troviĝis multe en la kaverno.</p>

</div>

<div type="chapitro">

<head xml:id="e5833">ĈAPITRO 23 (DUDEK TRI)</head>

<p xml:id="e5834">Post duonhoro, iu envenis. Estis Bob!</p>

<p xml:id="e5835">“Kie sin kaŝas la Lumserĉantoj?” li kriis, “ĉu en la mallumo?”</p>

<p xml:id="e5836">La aliaj sin montris.</p>

<p xml:id="e5837">“Rekaŝu vin, ili tuj alvenos,” li diris.</p>

<p xml:id="e5838">“Kiel vi faris por antaŭi ilin?”</p>

<p xml:id="e5839">“Dank’ al Gerda: ŝi telefone aranĝis, ke veturilo atendu min ĉe la flughaveno, kaj ke ŝoforo min veturigu ĉi tien. Mono solvas multajn problemojn, kaj ŝi estas riĉa, kiel vi scias; ŝi donis tre precizajn indikojn por ebligi al la ŝoforo trovi la lokon, kaj jen mi estas. Sed niaj trezorserĉantoj tuj alvenos. Ili flugis en la sama aviadilo, kiel mi, kaj kiam la ŝoforo min trovis, mi vidis ilin iri al oficejo, kie oni luas aŭtojn.”</p>

<p xml:id="e5840">Tom kuris supren al la observejo. Post kelkaj minutoj, la aliaj aŭdis lian signalon.</p>

<p xml:id="e5841">Envenis la kavernon flegistino Marta, ŝia frato la alta blondulo, la malgrasulo, kiu rilatis kun Gerda, kiam ŝi estis mallibera, kaj du aliaj viroj.</p>

<p xml:id="e5842">“Profesoro Ronga!” mire diris al si la tri gestudentoj, kaj tuj poste ili aldonis: “Kaj Profesoro Fergus!”</p>

<p xml:id="e5843">La unua instruis lingvistikon, la dua anglan literaturon.</p>

<p xml:id="e5844">Laŭ la malnova dokumento, la trezoro troviĝis en kofro metita en kavo aranĝita en la rokoj, kaj la ŝtonoj, kiuj ĝin kovris kaj kaŝis, kuŝis laŭ preciza desegno. Fakte, la ĝusta loko estis indikita per signoj tiel multaj, kvankam diskretaj, ke la pasado de l’ jarcentoj ne povu forpreni ĉiujn. Pro tiuj precizaj indikoj, la ĝusta loko iĝis rapide trovita. La grupo forprenis la kaŝantajn ŝtonojn. Montriĝis, ke la kavo estis plenigita per korko kaj diversaj aliaj substancoj, kies celo verŝajne estis protekti la kofron kontraŭ malsekeco.</p>

<p xml:id="e5845">La kofro, kiun ili eltiris, ne estis tre granda, nek speciale bela aŭ valora. Ĝi estis ŝlosita. Per siaj iloj, ili ĝin malfermis.</p>

</div>

<div type="chapitro">

<head xml:id="e5846">ĈAPITRO 24 (DUDEK KVAR)</head>

<p xml:id="e5847">“Nur papero!” kriis Ronga.</p>

<p xml:id="e5848">“Ankaŭ estas libro!” diris Marta, sed jam Ronga laŭtlegis: <hi>“Tie ĉi kuŝas la Trezoro de la Lumo. Pro la daŭra persekutado, la Sankta kaj Sekreta Frataro de la Lumo-Serĉantoj baldaŭ ĉesos ekzisti. Sed ĝia Spirito plu vivos. Iun tagon, homoj retrovos la Sanktajn Principojn kaj rekomencos ilin apliki. Por ili estas ĉi tie kaŝita la Trezoro de la Lumo.”</hi></p>

<p xml:id="e5849"><hi>“Ĝi estas skribita en la Speciala Lingvo de la Frataro, sed certe homoj troviĝos, kiuj ĝin povos kompreni. La Trezoro konsistas el la arto praktike apliki kaj defendi la Veron, la Justecon, la Dignecon, la Respekton al ĉiu homo, la Interkomprenon, la Honestecon, la Amon, la Kompatemon kaj la Konon de si mem kaj de sia ĝusta loko.”</hi></p>

<p xml:id="e5850"><hi>“Por la Frataro, la Spiritaj Valoroj estas la plej altaj. Tial ĝia Trezoro estas pure Spirita.”</hi></p>

<p xml:id="e5851"><hi>“Al vi, homo, kiu trovis ĝin, trans multaj aŭ malmultaj tagoj, semajnoj, monatoj, jaroj, jardekoj aŭ jarcentoj, Saluton kaj Fratecon!”</hi></p>

<p xml:id="e5852">* * *</p>

<p xml:id="e5853">Ili sidis en komfortaj brakseĝoj en la hejmo de Gerda.</p>

<p xml:id="e5854">“Kio okazis poste?” ĉi-lasta demandis.</p>

<p xml:id="e5855">“Ni malkaŝis nin, kaj mi ilin arestis,” diris la policano. “La loka polico estis antaŭe informita, kaj enŝlosis ilin.”</p>

<p xml:id="e5856">“Ĉu vi scias, kiel komenciĝis la afero?” scivolis Tom.</p>

<p xml:id="e5857">“Proksimume. Kiam Marta estis flegistino en la hospitalo, ŝi ĉeestis kirurgian operacion de historiisto, Prof. (=Profesoro) Kosadi. Kiam ĉi-lasta estis duone dormanta, duone vekiĝanta, li parolis nekonscie pri la trezoro de la Lumoserĉantoj. Li diris, ke temas pri malnova societo, elita, tre riĉa, pri kies trezoro li eksciis hazarde legante en la Vatikana Biblioteko.”</p>

<p xml:id="e5858">“Jes,” daŭrigis Gerda. “Tiun parton de la afero mi konas. Li faris historian esploron en la Biblioteko Vatikana. Inter la paĝoj de malnova libro, li trovis dokumenton en la sekreta lingvo de la Lumoserĉantoj. Li antaŭe kelktempe interesiĝis pri tiu sekreta societo internacia, kaj iom komprenis ĝian sekretan lingvon. Li komprenis, ke tiu papero indikas, kie troviĝas la trezoro de la Lumoserĉantoj, sed mem ne povis traduki ĉiujn detalajn indikojn. Li ricevis la permeson fotokopii la dokumenton. Foje, kiam ni renkontiĝis, li parolis pri tio al mi. Li diris, ke eble homoj provos trovi tiun trezoron, ĉar pli kaj pli multaj personoj interesiĝas pri la malnovaj sekretaj societoj. Li sciis, ke mi estas la sola persono en la mondo, kiu vere ĝisfunde studis tiujn malnovajn sekretajn lingvojn, kaj li petis min solene promesi, ke mi neniam kunlaboros kun homoj serĉantaj la trezoron pro materia intereso.”</p>

<p xml:id="e5859">“Kion li volis, ke oni faru pri ĝi?” Linda demandis.</p>

<p xml:id="e5860">“Ke ĝi transiru al iu muzeo aŭ ŝtata institucio.”</p>

<p xml:id="e5861">Tom intervenis:</p>

<p xml:id="e5862">“Kiel Marta ricevis la fotokopion?”</p>

<p xml:id="e5863">“Tion ŝi mem klarigis al mi,” respondis la policano: “ŝi konstatis, ke la substanco uzita antaŭ la operacio por dormigi la profesoron estas unu el tiuj, kiujn oni kelkfoje uzas por t.n. (= tiel nomata) narkoanalizo. Post la operacio, kiam la profesoro kuŝis en sia ĉambro — li havis privatan ĉambron kaj do estis sola — ŝi injektis al li tiun substancon, kaj pridemandis lin. Sub la influo de la koncerna substanco, oni dormas, sed dormante aŭdas kaj respondas demandojn, ĝenerale dirante la veron. Li do dorme respondis al ŝi. Per tiu metodo ŝi eksciis pri tio, ke nur unu persono en la mondo, nome Gerda, komprenas tiun sekretan lingvon, kaj pri multaj aliaj aferoj.”</p>

</div>

<div type="chapitro">

<head xml:id="e5864">ĈAPITRO 25 (DUDEK KVIN)</head>

<p xml:id="e5865">“Sed vi ne respondis pri la fotokopio!”</p>

<p xml:id="e5866">“Ho, pardonu. La profesoro havis ĝin en sia paperujo. Li fartis tre malbone post la operacio. Marta simple prenis la dokumenton el lia paperujo, dum li dormis; ŝi ja sciis, ke li ne vivos longe. Li fartis malbone. Lia sanstato ne lasis multe da espero. Fakte, li baldaŭ mortis post tio. Neniu do zorgis pri la malaperinta papero.”</p>

<p xml:id="e5867">“Kiel Ronga enmiksiĝis en la aranĝon?”</p>

<p xml:id="e5868">“Li estis la amanto de Marta, kaj ŝi rakontis al li. Li vivas tiamaniere, ke li daŭre bezonas multe da mono. Li organizis la aferon. Estas li kaj kolego Fergus, kiuj forportis Gerdan, post kiam ili batis Bob senkonscia. La oficejo de Fergus estas tute proksima. Tien ili portis ŝin, kaj tie ili atendis, ĝis la vojo estis libera kaj ili povis veturigi ŝin al la forlasita domo.”</p>

<p xml:id="e5869">Gerda parolis:</p>

<p xml:id="e5870">“La frato de Marta plurfoje vizitis min, antaŭ kelkaj monatoj. Li provis igi min traduki por li la dokumenton. Sed kiam mi demandis, de kie li ricevis ĝin, li hezitis, iom paliĝis, ne respondis tuj, kaj mi komprenis, ke li ne agis honeste. Mi memoris la vortojn de Prof. Kosadi, kaj malakceptis kunlabori. Sed li revenis unufoje, dufoje, trifoje. Mi ĉiufoje rifuzis. Kiam mi poste ricevis inviton instrui pri malnovaj sekretaj lingvoj en la kadro de kurso de Prof. Ronga, mi tute ne imagis, ke estas rilato inter Ronga kaj la junulo, kiu tiel ofte venis al mia hejmo insisti, por ke mi traduku la paperon pri l’ trezoro.”</p>

<p xml:id="e5871">“Jes,” diris Tom. “Pro via plurfoja rifuzo ili elpensis tiun planon. Kapti vin kaj perforte devigi vin traduki la tekston.”</p>

<p xml:id="e5872">“Tiom da riskoj kaj zorgoj por nenio!” komentis Gerda. “Kia malsaĝeco! Kia stulteco!”</p>

<p xml:id="e5873">“Jes. Amatoroj,” diris la policano malestime. “Ili agis amatore ekde la komenco. Pro tio ni tiel facile ilin kaptis. Sed pri tiu amatoreco vi danku Dion, Gerda. Pro tiu amatoreco ni povis liberigi vin, kaj vi plu vivas. Neamatoroj en simila situacio ne hezitus: vin uzinte, ili vin mortigus.”</p>

<p xml:id="e5874">“Ĉu vere?”</p>

<p xml:id="e5875">“Jes. Vi sciis tro multe. Estus tro danĝere lasi vin vivi. Sincere, vi povas danki Dion, ke nur amatoroj planis kaj realigis tiun aferon.”</p>

<p xml:id="e5876">Gerda silentis, pensema.</p>

<p xml:id="e5877">“Terure!” ŝi fine diris. “Ĉiaokaze, mi plej sincere dankas vin, ĉiun el vi. Vi agis mirinde. Vi savis min kaj mian filinon. Sed, Bob, kion vi opinias pri la tuta afero? Vi ankoraŭ diris nenion.”</p>

<p xml:id="e5878">Bob rigardis ŝin, kun iom stranga esprimo.</p>

<p xml:id="e5879">“Mi plezure trinkus glason da brando,” li diris. Kaj li restis malĝojeta, dum ĉiuj aliaj ekridis.</p>

</div>

<div type="chapitro">

<head xml:id="e5880">NOVA MISTERO!</head>

<p xml:id="e5881">KARA KAJ ESTIMATA LEGINTO,</p>

<p xml:id="e5882">Vi legis ĉi tiun aventuron ĝis la fino. Sendube vi estas kontenta, ke ĉio finiĝis bone. Sed ĉu vi rimarkis, ke en la rakonto grava kontraŭdiro troviĝas? Alivorte, en unu loko la aŭtoro diras ion, kaj en alia li diras la kontraŭon. Vi ne rimarkis, ĉu vere? Bedaŭrinde! Nun vi devos relegi la tutan tekston por trovi, pri kio temas. Legu atente, kaj se post unu legado vi ne trovis, relegu duan fojon, trian fojon, ktp. Certe vi fine trovos. Kaj se ne, nu, la vortoj kaj esprimmanieroj de Esperanto pli bone metiĝos en vian kapeton...</p>

</div>

</div>

</body>

</text>

</TEI>
